event_ticker,event_title,market_ticker,subtitle,status,result,last_price,volume,close_time,category
KXHIGHNY-25AUG04,Highest temperature in NYC today?,KXHIGHNY-25AUG04-T93,94° or above,active,,2,194,2025-08-05T03:59:00Z,Climate and Weather
KXHIGHNY-25AUG04,Highest temperature in NYC today?,KXHIGHNY-25AUG04-B92.5,92° to 93°,active,,4,231,2025-08-05T03:59:00Z,Climate and Weather
KXHIGHNY-25AUG04,Highest temperature in NYC today?,KXHIGHNY-25AUG04-B90.5,90° to 91°,active,,25,1020,2025-08-05T03:59:00Z,Climate and Weather
KXHIGHNY-25AUG04,Highest temperature in NYC today?,KXHIGHNY-25AUG04-B88.5,88° to 89°,active,,56,4590,2025-08-05T03:59:00Z,Climate and Weather
KXHIGHNY-25AUG04,Highest temperature in NYC today?,KXHIGHNY-25AUG04-B86.5,86° to 87°,active,,24,1373,2025-08-05T03:59:00Z,Climate and Weather
KXHIGHNY-25AUG04,Highest temperature in NYC today?,KXHIGHNY-25AUG04-T86,85° or below,active,,3,707,2025-08-05T03:59:00Z,Climate and Weather
KXHIGHNY-25AUG03,"Highest temperature in NYC on Aug 3, 2025?",KXHIGHNY-25AUG03-T89,90° or above,closed,,2,548,2025-08-04T03:59:00Z,Climate and Weather
KXHIGHNY-25AUG03,"Highest temperature in NYC on Aug 3, 2025?",KXHIGHNY-25AUG03-B88.5,88° to 89°,closed,,2,141,2025-08-04T03:59:00Z,Climate and Weather
KXHIGHNY-25AUG03,"Highest temperature in NYC on Aug 3, 2025?",KXHIGHNY-25AUG03-B86.5,86° to 87°,closed,,7,4860,2025-08-04T03:59:00Z,Climate and Weather
KXHIGHNY-25AUG03,"Highest temperature in NYC on Aug 3, 2025?",KXHIGHNY-25AUG03-B84.5,84° to 85°,closed,,99,18487,2025-08-04T03:59:00Z,Climate and Weather
KXHIGHNY-25AUG03,"Highest temperature in NYC on Aug 3, 2025?",KXHIGHNY-25AUG03-B82.5,82° to 83°,closed,,1,47404,2025-08-04T03:59:00Z,Climate and Weather
KXHIGHNY-25AUG03,"Highest temperature in NYC on Aug 3, 2025?",KXHIGHNY-25AUG03-T82,81° or below,closed,,1,9598,2025-08-04T03:59:00Z,Climate and Weather
KXHIGHNY-25AUG02,"Highest temperature in NYC on Aug 2, 2025?",KXHIGHNY-25AUG02-T84,85° or above,finalized,no,2,1933,2025-08-03T03:59:00Z,Climate and Weather
KXHIGHNY-25AUG02,"Highest temperature in NYC on Aug 2, 2025?",KXHIGHNY-25AUG02-B83.5,83° to 84°,finalized,no,1,11095,2025-08-03T03:59:00Z,Climate and Weather
KXHIGHNY-25AUG02,"Highest temperature in NYC on Aug 2, 2025?",KXHIGHNY-25AUG02-B81.5,81° to 82°,finalized,no,1,13684,2025-08-03T03:59:00Z,Climate and Weather
KXHIGHNY-25AUG02,"Highest temperature in NYC on Aug 2, 2025?",KXHIGHNY-25AUG02-B79.5,79° to 80°,finalized,yes,99,27210,2025-08-03T03:59:00Z,Climate and Weather
KXHIGHNY-25AUG02,"Highest temperature in NYC on Aug 2, 2025?",KXHIGHNY-25AUG02-B77.5,77° to 78°,finalized,no,1,7689,2025-08-03T03:59:00Z,Climate and Weather
KXHIGHNY-25AUG02,"Highest temperature in NYC on Aug 2, 2025?",KXHIGHNY-25AUG02-T77,76° or below,finalized,no,1,534,2025-08-03T03:59:00Z,Climate and Weather
KXHIGHNY-25AUG01,"Highest temperature in NYC on Aug 1, 2025?",KXHIGHNY-25AUG01-T76,77° or above,finalized,no,1,8950,2025-08-02T03:59:00Z,Climate and Weather
KXHIGHNY-25AUG01,"Highest temperature in NYC on Aug 1, 2025?",KXHIGHNY-25AUG01-B75.5,75° to 76°,finalized,no,1,25902,2025-08-02T03:59:00Z,Climate and Weather
KXHIGHNY-25AUG01,"Highest temperature in NYC on Aug 1, 2025?",KXHIGHNY-25AUG01-B73.5,73° to 74°,finalized,yes,99,37353,2025-08-02T03:59:00Z,Climate and Weather
KXHIGHNY-25AUG01,"Highest temperature in NYC on Aug 1, 2025?",KXHIGHNY-25AUG01-B71.5,71° to 72°,finalized,no,1,47807,2025-08-02T03:59:00Z,Climate and Weather
KXHIGHNY-25AUG01,"Highest temperature in NYC on Aug 1, 2025?",KXHIGHNY-25AUG01-T69,68° or below,finalized,no,1,5944,2025-08-02T03:59:00Z,Climate and Weather
KXHIGHNY-25AUG01,"Highest temperature in NYC on Aug 1, 2025?",KXHIGHNY-25AUG01-B69.5,69° to 70°,finalized,no,1,19384,2025-08-02T03:59:00Z,Climate and Weather
KXHIGHNY-25JUL31,"Highest temperature in NYC on Jul 31, 2025?",KXHIGHNY-25JUL31-T89,90° or above,finalized,no,1,26694,2025-08-01T03:59:00Z,Climate and Weather
KXHIGHNY-25JUL31,"Highest temperature in NYC on Jul 31, 2025?",KXHIGHNY-25JUL31-T82,81° or below,finalized,no,1,7380,2025-08-01T03:59:00Z,Climate and Weather
KXHIGHNY-25JUL31,"Highest temperature in NYC on Jul 31, 2025?",KXHIGHNY-25JUL31-B88.5,88° to 89°,finalized,yes,99,35280,2025-08-01T03:59:00Z,Climate and Weather
KXHIGHNY-25JUL31,"Highest temperature in NYC on Jul 31, 2025?",KXHIGHNY-25JUL31-B86.5,86° to 87°,finalized,no,1,43662,2025-08-01T03:59:00Z,Climate and Weather
KXHIGHNY-25JUL31,"Highest temperature in NYC on Jul 31, 2025?",KXHIGHNY-25JUL31-B84.5,84° to 85°,finalized,no,1,23815,2025-08-01T03:59:00Z,Climate and Weather
KXHIGHNY-25JUL31,"Highest temperature in NYC on Jul 31, 2025?",KXHIGHNY-25JUL31-B82.5,82° to 83°,finalized,no,1,17763,2025-08-01T03:59:00Z,Climate and Weather
KXHIGHNY-25JUL30,"Highest temperature in NYC on Jul 30, 2025?",KXHIGHNY-25JUL30-T93,92° or below,finalized,no,1,1644,2025-07-31T03:59:00Z,Climate and Weather
KXHIGHNY-25JUL30,"Highest temperature in NYC on Jul 30, 2025?",KXHIGHNY-25JUL30-T100,101° or above,finalized,no,2,211,2025-07-31T03:59:00Z,Climate and Weather
KXHIGHNY-25JUL30,"Highest temperature in NYC on Jul 30, 2025?",KXHIGHNY-25JUL30-B99.5,99° to 100°,finalized,no,6,2802,2025-07-31T03:59:00Z,Climate and Weather
KXHIGHNY-25JUL30,"Highest temperature in NYC on Jul 30, 2025?",KXHIGHNY-25JUL30-B97.5,97° to 98°,finalized,no,1,9955,2025-07-31T03:59:00Z,Climate and Weather
KXHIGHNY-25JUL30,"Highest temperature in NYC on Jul 30, 2025?",KXHIGHNY-25JUL30-B95.5,95° to 96°,finalized,yes,99,23747,2025-07-31T03:59:00Z,Climate and Weather
KXHIGHNY-25JUL30,"Highest temperature in NYC on Jul 30, 2025?",KXHIGHNY-25JUL30-B93.5,93° to 94°,finalized,no,1,11713,2025-07-31T03:59:00Z,Climate and Weather
KXHIGHNY-25JUL29,"Highest temperature in NYC on Jul 29, 2025?",KXHIGHNY-25JUL29-T100,101° or above,finalized,no,1,6794,2025-07-30T03:59:00Z,Climate and Weather
KXHIGHNY-25JUL29,"Highest temperature in NYC on Jul 29, 2025?",KXHIGHNY-25JUL29-B99.5,99° to 100°,finalized,no,1,19738,2025-07-30T03:59:00Z,Climate and Weather
KXHIGHNY-25JUL29,"Highest temperature in NYC on Jul 29, 2025?",KXHIGHNY-25JUL29-B97.5,97° to 98°,finalized,yes,99,32501,2025-07-30T03:59:00Z,Climate and Weather
KXHIGHNY-25JUL29,"Highest temperature in NYC on Jul 29, 2025?",KXHIGHNY-25JUL29-T93,92° or below,finalized,no,10,895,2025-07-30T03:59:00Z,Climate and Weather
KXHIGHNY-25JUL29,"Highest temperature in NYC on Jul 29, 2025?",KXHIGHNY-25JUL29-B95.5,95° to 96°,finalized,no,1,19663,2025-07-30T03:59:00Z,Climate and Weather
KXHIGHNY-25JUL29,"Highest temperature in NYC on Jul 29, 2025?",KXHIGHNY-25JUL29-B93.5,93° to 94°,finalized,no,1,7398,2025-07-30T03:59:00Z,Climate and Weather
KXHIGHNY-25JUL28,"Highest temperature in NYC on Jul 28, 2025?",KXHIGHNY-25JUL28-T97,98° or above,finalized,no,1,3841,2025-07-29T03:59:00Z,Climate and Weather
KXHIGHNY-25JUL28,"Highest temperature in NYC on Jul 28, 2025?",KXHIGHNY-25JUL28-B96.5,96° to 97°,finalized,no,1,17852,2025-07-29T03:59:00Z,Climate and Weather
KXHIGHNY-25JUL28,"Highest temperature in NYC on Jul 28, 2025?",KXHIGHNY-25JUL28-B94.5,94° to 95°,finalized,yes,99,30639,2025-07-29T03:59:00Z,Climate and Weather
KXHIGHNY-25JUL28,"Highest temperature in NYC on Jul 28, 2025?",KXHIGHNY-25JUL28-B92.5,92° to 93°,finalized,no,1,41751,2025-07-29T03:59:00Z,Climate and Weather
KXHIGHNY-25JUL28,"Highest temperature in NYC on Jul 28, 2025?",KXHIGHNY-25JUL28-B90.5,90° to 91°,finalized,no,1,10018,2025-07-29T03:59:00Z,Climate and Weather
KXHIGHNY-25JUL28,"Highest temperature in NYC on Jul 28, 2025?",KXHIGHNY-25JUL28-T90,89° or below,finalized,no,2,427,2025-07-29T03:59:00Z,Climate and Weather
KXHIGHNY-25JUL27,"Highest temperature in NYC on Jul 27, 2025?",KXHIGHNY-25JUL27-T84,85° or above,finalized,no,1,18017,2025-07-28T03:59:00Z,Climate and Weather
KXHIGHNY-25JUL27,"Highest temperature in NYC on Jul 27, 2025?",KXHIGHNY-25JUL27-T77,76° or below,finalized,no,1,568,2025-07-28T03:59:00Z,Climate and Weather
KXHIGHNY-25JUL27,"Highest temperature in NYC on Jul 27, 2025?",KXHIGHNY-25JUL27-B83.5,83° to 84°,finalized,yes,99,29368,2025-07-28T03:59:00Z,Climate and Weather
KXHIGHNY-25JUL27,"Highest temperature in NYC on Jul 27, 2025?",KXHIGHNY-25JUL27-B81.5,81° to 82°,finalized,no,1,24663,2025-07-28T03:59:00Z,Climate and Weather
KXHIGHNY-25JUL27,"Highest temperature in NYC on Jul 27, 2025?",KXHIGHNY-25JUL27-B79.5,79° to 80°,finalized,no,1,17445,2025-07-28T03:59:00Z,Climate and Weather
KXHIGHNY-25JUL27,"Highest temperature in NYC on Jul 27, 2025?",KXHIGHNY-25JUL27-B77.5,77° to 78°,finalized,no,1,6652,2025-07-28T03:59:00Z,Climate and Weather
KXHIGHNY-25JUL26,"Highest temperature in NYC on Jul 26, 2025?",KXHIGHNY-25JUL26-T90,91° or above,finalized,no,4,180,2025-07-27T03:59:00Z,Climate and Weather
KXHIGHNY-25JUL26,"Highest temperature in NYC on Jul 26, 2025?",KXHIGHNY-25JUL26-B89.5,89° to 90°,finalized,no,1,1880,2025-07-27T03:59:00Z,Climate and Weather
KXHIGHNY-25JUL26,"Highest temperature in NYC on Jul 26, 2025?",KXHIGHNY-25JUL26-B87.5,87° to 88°,finalized,no,1,8521,2025-07-27T03:59:00Z,Climate and Weather
KXHIGHNY-25JUL26,"Highest temperature in NYC on Jul 26, 2025?",KXHIGHNY-25JUL26-B85.5,85° to 86°,finalized,yes,99,24296,2025-07-27T03:59:00Z,Climate and Weather
KXHIGHNY-25JUL26,"Highest temperature in NYC on Jul 26, 2025?",KXHIGHNY-25JUL26-B83.5,83° to 84°,finalized,no,1,24175,2025-07-27T03:59:00Z,Climate and Weather
KXHIGHNY-25JUL26,"Highest temperature in NYC on Jul 26, 2025?",KXHIGHNY-25JUL26-T83,82° or below,finalized,no,1,4139,2025-07-27T03:59:00Z,Climate and Weather
KXHIGHNY-25JUL25,"Highest temperature in NYC on Jul 25, 2025?",KXHIGHNY-25JUL25-T94,93° or below,finalized,no,1,24219,2025-07-26T03:59:00Z,Climate and Weather
KXHIGHNY-25JUL25,"Highest temperature in NYC on Jul 25, 2025?",KXHIGHNY-25JUL25-T101,102° or above,finalized,no,4,84,2025-07-26T03:59:00Z,Climate and Weather
KXHIGHNY-25JUL25,"Highest temperature in NYC on Jul 25, 2025?",KXHIGHNY-25JUL25-B98.5,98° to 99°,finalized,no,1,12373,2025-07-26T03:59:00Z,Climate and Weather
KXHIGHNY-25JUL25,"Highest temperature in NYC on Jul 25, 2025?",KXHIGHNY-25JUL25-B96.5,96° to 97°,finalized,no,1,21057,2025-07-26T03:59:00Z,Climate and Weather
KXHIGHNY-25JUL25,"Highest temperature in NYC on Jul 25, 2025?",KXHIGHNY-25JUL25-B94.5,94° to 95°,finalized,yes,99,35337,2025-07-26T03:59:00Z,Climate and Weather
KXHIGHNY-25JUL25,"Highest temperature in NYC on Jul 25, 2025?",KXHIGHNY-25JUL25-B100.5,100° to 101°,finalized,no,2,2818,2025-07-26T03:59:00Z,Climate and Weather
KXHIGHNY-25JUL24,"Highest temperature in NYC on Jul 24, 2025?",KXHIGHNY-25JUL24-T93,94° or above,finalized,no,5,83,2025-07-25T03:59:00Z,Climate and Weather
KXHIGHNY-25JUL24,"Highest temperature in NYC on Jul 24, 2025?",KXHIGHNY-25JUL24-B92.5,92° to 93°,finalized,no,4,224,2025-07-25T03:59:00Z,Climate and Weather
KXHIGHNY-25JUL24,"Highest temperature in NYC on Jul 24, 2025?",KXHIGHNY-25JUL24-B90.5,90° to 91°,finalized,no,1,7323,2025-07-25T03:59:00Z,Climate and Weather
KXHIGHNY-25JUL24,"Highest temperature in NYC on Jul 24, 2025?",KXHIGHNY-25JUL24-T86,85° or below,finalized,no,1,17606,2025-07-25T03:59:00Z,Climate and Weather
KXHIGHNY-25JUL24,"Highest temperature in NYC on Jul 24, 2025?",KXHIGHNY-25JUL24-B88.5,88° to 89°,finalized,no,1,14412,2025-07-25T03:59:00Z,Climate and Weather
KXHIGHNY-25JUL24,"Highest temperature in NYC on Jul 24, 2025?",KXHIGHNY-25JUL24-B86.5,86° to 87°,finalized,yes,99,28140,2025-07-25T03:59:00Z,Climate and Weather
KXHIGHNY-25JUL23,"Highest temperature in NYC on Jul 23, 2025?",KXHIGHNY-25JUL23-T91,92° or above,finalized,no,0,0,2025-07-24T03:59:00Z,Climate and Weather
KXHIGHNY-25JUL23,"Highest temperature in NYC on Jul 23, 2025?",KXHIGHNY-25JUL23-T84,83° or below,finalized,yes,99,28591,2025-07-24T03:59:00Z,Climate and Weather
KXHIGHNY-25JUL23,"Highest temperature in NYC on Jul 23, 2025?",KXHIGHNY-25JUL23-B90.5,90° to 91°,finalized,no,1,102,2025-07-24T03:59:00Z,Climate and Weather
KXHIGHNY-25JUL23,"Highest temperature in NYC on Jul 23, 2025?",KXHIGHNY-25JUL23-B88.5,88° to 89°,finalized,no,1,1212,2025-07-24T03:59:00Z,Climate and Weather
KXHIGHNY-25JUL23,"Highest temperature in NYC on Jul 23, 2025?",KXHIGHNY-25JUL23-B86.5,86° to 87°,finalized,no,1,2519,2025-07-24T03:59:00Z,Climate and Weather
KXHIGHNY-25JUL23,"Highest temperature in NYC on Jul 23, 2025?",KXHIGHNY-25JUL23-B84.5,84° to 85°,finalized,no,1,9683,2025-07-24T03:59:00Z,Climate and Weather
KXHIGHNY-25JUL22,"Highest temperature in NYC on Jul 22, 2025?",KXHIGHNY-25JUL22-T85,86° or above,finalized,no,1,1845,2025-07-23T03:59:00Z,Climate and Weather
KXHIGHNY-25JUL22,"Highest temperature in NYC on Jul 22, 2025?",KXHIGHNY-25JUL22-B84.5,84° to 85°,finalized,no,4,4777,2025-07-23T03:59:00Z,Climate and Weather
KXHIGHNY-25JUL22,"Highest temperature in NYC on Jul 22, 2025?",KXHIGHNY-25JUL22-B82.5,82° to 83°,finalized,no,1,24232,2025-07-23T03:59:00Z,Climate and Weather
KXHIGHNY-25JUL22,"Highest temperature in NYC on Jul 22, 2025?",KXHIGHNY-25JUL22-B80.5,80° to 81°,finalized,yes,99,20060,2025-07-23T03:59:00Z,Climate and Weather
KXHIGHNY-25JUL22,"Highest temperature in NYC on Jul 22, 2025?",KXHIGHNY-25JUL22-B78.5,78° to 79°,finalized,no,1,45590,2025-07-23T03:59:00Z,Climate and Weather
KXHIGHNY-25JUL22,"Highest temperature in NYC on Jul 22, 2025?",KXHIGHNY-25JUL22-T78,77° or below,finalized,no,1,13425,2025-07-23T03:59:00Z,Climate and Weather
KXHIGHNY-25JUL21,"Highest temperature in NYC on Jul 21, 2025?",KXHIGHNY-25JUL21-T87,88° or above,finalized,no,1,3689,2025-07-22T03:59:00Z,Climate and Weather
KXHIGHNY-25JUL21,"Highest temperature in NYC on Jul 21, 2025?",KXHIGHNY-25JUL21-B86.5,86° to 87°,finalized,no,1,19110,2025-07-22T03:59:00Z,Climate and Weather
KXHIGHNY-25JUL21,"Highest temperature in NYC on Jul 21, 2025?",KXHIGHNY-25JUL21-B84.5,84° to 85°,finalized,yes,99,21129,2025-07-22T03:59:00Z,Climate and Weather
KXHIGHNY-25JUL21,"Highest temperature in NYC on Jul 21, 2025?",KXHIGHNY-25JUL21-B82.5,82° to 83°,finalized,no,1,23912,2025-07-22T03:59:00Z,Climate and Weather
KXHIGHNY-25JUL21,"Highest temperature in NYC on Jul 21, 2025?",KXHIGHNY-25JUL21-B80.5,80° to 81°,finalized,no,1,3746,2025-07-22T03:59:00Z,Climate and Weather
KXHIGHNY-25JUL21,"Highest temperature in NYC on Jul 21, 2025?",KXHIGHNY-25JUL21-T80,79° or below,finalized,no,1,711,2025-07-22T03:59:00Z,Climate and Weather
KXHIGHNY-25JUL20,"Highest temperature in NYC on Jul 20, 2025?",KXHIGHNY-25JUL20-T94,95° or above,finalized,no,2,432,2025-07-21T03:59:00Z,Climate and Weather
KXHIGHNY-25JUL20,"Highest temperature in NYC on Jul 20, 2025?",KXHIGHNY-25JUL20-B93.5,93° to 94°,finalized,no,1,866,2025-07-21T03:59:00Z,Climate and Weather
KXHIGHNY-25JUL20,"Highest temperature in NYC on Jul 20, 2025?",KXHIGHNY-25JUL20-B91.5,91° to 92°,finalized,no,1,5188,2025-07-21T03:59:00Z,Climate and Weather
KXHIGHNY-25JUL20,"Highest temperature in NYC on Jul 20, 2025?",KXHIGHNY-25JUL20-B89.5,89° to 90°,finalized,no,1,17707,2025-07-21T03:59:00Z,Climate and Weather
KXHIGHNY-25JUL20,"Highest temperature in NYC on Jul 20, 2025?",KXHIGHNY-25JUL20-B87.5,87° to 88°,finalized,yes,99,19286,2025-07-21T03:59:00Z,Climate and Weather
KXHIGHNY-25JUL20,"Highest temperature in NYC on Jul 20, 2025?",KXHIGHNY-25JUL20-T87,86° or below,finalized,no,1,11329,2025-07-21T03:59:00Z,Climate and Weather
KXHIGHNY-25JUL19,"Highest temperature in NYC on Jul 19, 2025?",KXHIGHNY-25JUL19-T86,87° or above,finalized,no,1,632,2025-07-20T03:59:00Z,Climate and Weather
KXHIGHNY-25JUL19,"Highest temperature in NYC on Jul 19, 2025?",KXHIGHNY-25JUL19-T79,78° or below,finalized,no,1,6225,2025-07-20T03:59:00Z,Climate and Weather
KXHIGHNY-25JUL19,"Highest temperature in NYC on Jul 19, 2025?",KXHIGHNY-25JUL19-B85.5,85° to 86°,finalized,no,1,4256,2025-07-20T03:59:00Z,Climate and Weather
KXHIGHNY-25JUL19,"Highest temperature in NYC on Jul 19, 2025?",KXHIGHNY-25JUL19-B83.5,83° to 84°,finalized,no,1,8196,2025-07-20T03:59:00Z,Climate and Weather
KXHIGHNY-25JUL19,"Highest temperature in NYC on Jul 19, 2025?",KXHIGHNY-25JUL19-B81.5,81° to 82°,finalized,yes,99,18420,2025-07-20T03:59:00Z,Climate and Weather
KXHIGHNY-25JUL19,"Highest temperature in NYC on Jul 19, 2025?",KXHIGHNY-25JUL19-B79.5,79° to 80°,finalized,no,1,25242,2025-07-20T03:59:00Z,Climate and Weather
KXHIGHNY-25JUL18,"Highest temperature in NYC on Jul 18, 2025?",KXHIGHNY-25JUL18-T88,89° or above,finalized,no,1,993,2025-07-19T03:59:00Z,Climate and Weather
KXHIGHNY-25JUL18,"Highest temperature in NYC on Jul 18, 2025?",KXHIGHNY-25JUL18-B87.5,87° to 88°,finalized,no,1,8699,2025-07-19T03:59:00Z,Climate and Weather
KXHIGHNY-25JUL18,"Highest temperature in NYC on Jul 18, 2025?",KXHIGHNY-25JUL18-B85.5,85° to 86°,finalized,no,1,16809,2025-07-19T03:59:00Z,Climate and Weather
KXHIGHNY-25JUL18,"Highest temperature in NYC on Jul 18, 2025?",KXHIGHNY-25JUL18-B83.5,83° to 84°,finalized,no,1,26634,2025-07-19T03:59:00Z,Climate and Weather
KXHIGHNY-25JUL18,"Highest temperature in NYC on Jul 18, 2025?",KXHIGHNY-25JUL18-B81.5,81° to 82°,finalized,yes,99,34469,2025-07-19T03:59:00Z,Climate and Weather
KXHIGHNY-25JUL18,"Highest temperature in NYC on Jul 18, 2025?",KXHIGHNY-25JUL18-T81,80° or below,finalized,no,1,11235,2025-07-19T03:59:00Z,Climate and Weather
KXHIGHNY-25JUL17,"Highest temperature in NYC on Jul 17, 2025?",KXHIGHNY-25JUL17-T94,95° or above,finalized,no,1,3328,2025-07-18T03:59:00Z,Climate and Weather
KXHIGHNY-25JUL17,"Highest temperature in NYC on Jul 17, 2025?",KXHIGHNY-25JUL17-B93.5,93° to 94°,finalized,no,1,8875,2025-07-18T03:59:00Z,Climate and Weather
KXHIGHNY-25JUL17,"Highest temperature in NYC on Jul 17, 2025?",KXHIGHNY-25JUL17-B91.5,91° to 92°,finalized,no,1,30125,2025-07-18T03:59:00Z,Climate and Weather
KXHIGHNY-25JUL17,"Highest temperature in NYC on Jul 17, 2025?",KXHIGHNY-25JUL17-B89.5,89° to 90°,finalized,yes,99,30486,2025-07-18T03:59:00Z,Climate and Weather
KXHIGHNY-25JUL17,"Highest temperature in NYC on Jul 17, 2025?",KXHIGHNY-25JUL17-B87.5,87° to 88°,finalized,no,1,29818,2025-07-18T03:59:00Z,Climate and Weather
KXHIGHNY-25JUL17,"Highest temperature in NYC on Jul 17, 2025?",KXHIGHNY-25JUL17-T87,86° or below,finalized,no,1,11047,2025-07-18T03:59:00Z,Climate and Weather
KXHIGHNY-25JUL16,"Highest temperature in NYC on Jul 16, 2025?",KXHIGHNY-25JUL16-T93,94° or above,finalized,no,1,888,2025-07-17T03:59:00Z,Climate and Weather
KXHIGHNY-25JUL16,"Highest temperature in NYC on Jul 16, 2025?",KXHIGHNY-25JUL16-B92.5,92° to 93°,finalized,no,1,5171,2025-07-17T03:59:00Z,Climate and Weather
KXHIGHNY-25JUL16,"Highest temperature in NYC on Jul 16, 2025?",KXHIGHNY-25JUL16-B90.5,90° to 91°,finalized,no,1,11907,2025-07-17T03:59:00Z,Climate and Weather
KXHIGHNY-25JUL16,"Highest temperature in NYC on Jul 16, 2025?",KXHIGHNY-25JUL16-B88.5,88° to 89°,finalized,no,1,20321,2025-07-17T03:59:00Z,Climate and Weather
KXHIGHNY-25JUL16,"Highest temperature in NYC on Jul 16, 2025?",KXHIGHNY-25JUL16-B86.5,86° to 87°,finalized,yes,99,24150,2025-07-17T03:59:00Z,Climate and Weather
KXHIGHNY-25JUL16,"Highest temperature in NYC on Jul 16, 2025?",KXHIGHNY-25JUL16-T86,85° or below,finalized,no,1,3358,2025-07-17T03:59:00Z,Climate and Weather
KXHIGHNY-25JUL15,"Highest temperature in NYC on Jul 15, 2025?",KXHIGHNY-25JUL15-T89,90° or above,finalized,no,1,688,2025-07-16T03:59:00Z,Climate and Weather
KXHIGHNY-25JUL15,"Highest temperature in NYC on Jul 15, 2025?",KXHIGHNY-25JUL15-B88.5,88° to 89°,finalized,no,1,3385,2025-07-16T03:59:00Z,Climate and Weather
KXHIGHNY-25JUL15,"Highest temperature in NYC on Jul 15, 2025?",KXHIGHNY-25JUL15-B86.5,86° to 87°,finalized,yes,99,14470,2025-07-16T03:59:00Z,Climate and Weather
KXHIGHNY-25JUL15,"Highest temperature in NYC on Jul 15, 2025?",KXHIGHNY-25JUL15-B84.5,84° to 85°,finalized,no,1,16792,2025-07-16T03:59:00Z,Climate and Weather
KXHIGHNY-25JUL15,"Highest temperature in NYC on Jul 15, 2025?",KXHIGHNY-25JUL15-B82.5,82° to 83°,finalized,no,1,8131,2025-07-16T03:59:00Z,Climate and Weather
KXHIGHNY-25JUL15,"Highest temperature in NYC on Jul 15, 2025?",KXHIGHNY-25JUL15-T82,81° or below,finalized,no,1,3383,2025-07-16T03:59:00Z,Climate and Weather
KXHIGHNY-25JUL14,"Highest temperature in NYC on Jul 14, 2025?",KXHIGHNY-25JUL14-T89,90° or above,finalized,no,1,870,2025-07-15T03:59:00Z,Climate and Weather
KXHIGHNY-25JUL14,"Highest temperature in NYC on Jul 14, 2025?",KXHIGHNY-25JUL14-B88.5,88° to 89°,finalized,no,1,8654,2025-07-15T03:59:00Z,Climate and Weather
KXHIGHNY-25JUL14,"Highest temperature in NYC on Jul 14, 2025?",KXHIGHNY-25JUL14-B86.5,86° to 87°,finalized,no,1,16704,2025-07-15T03:59:00Z,Climate and Weather
KXHIGHNY-25JUL14,"Highest temperature in NYC on Jul 14, 2025?",KXHIGHNY-25JUL14-B84.5,84° to 85°,finalized,yes,99,21362,2025-07-15T03:59:00Z,Climate and Weather
KXHIGHNY-25JUL14,"Highest temperature in NYC on Jul 14, 2025?",KXHIGHNY-25JUL14-B82.5,82° to 83°,finalized,no,1,14383,2025-07-15T03:59:00Z,Climate and Weather
KXHIGHNY-25JUL14,"Highest temperature in NYC on Jul 14, 2025?",KXHIGHNY-25JUL14-T82,81° or below,finalized,no,1,4504,2025-07-15T03:59:00Z,Climate and Weather
KXHIGHNY-25JUL13,"Highest temperature in NYC on Jul 13, 2025?",KXHIGHNY-25JUL13-T89,90° or above,finalized,no,1,20,2025-07-14T03:59:00Z,Climate and Weather
KXHIGHNY-25JUL13,"Highest temperature in NYC on Jul 13, 2025?",KXHIGHNY-25JUL13-B88.5,88° to 89°,finalized,no,1,76,2025-07-14T03:59:00Z,Climate and Weather
KXHIGHNY-25JUL13,"Highest temperature in NYC on Jul 13, 2025?",KXHIGHNY-25JUL13-B86.5,86° to 87°,finalized,no,1,7066,2025-07-14T03:59:00Z,Climate and Weather
KXHIGHNY-25JUL13,"Highest temperature in NYC on Jul 13, 2025?",KXHIGHNY-25JUL13-B84.5,84° to 85°,finalized,no,1,12259,2025-07-14T03:59:00Z,Climate and Weather
KXHIGHNY-25JUL13,"Highest temperature in NYC on Jul 13, 2025?",KXHIGHNY-25JUL13-B82.5,82° to 83°,finalized,yes,99,16310,2025-07-14T03:59:00Z,Climate and Weather
KXHIGHNY-25JUL13,"Highest temperature in NYC on Jul 13, 2025?",KXHIGHNY-25JUL13-T82,81° or below,finalized,no,1,38170,2025-07-14T03:59:00Z,Climate and Weather
KXHIGHNY-25JUL12,"Highest temperature in NYC on Jul 12, 2025?",KXHIGHNY-25JUL12-T89,90° or above,finalized,no,2,619,2025-07-13T03:59:00Z,Climate and Weather
KXHIGHNY-25JUL12,"Highest temperature in NYC on Jul 12, 2025?",KXHIGHNY-25JUL12-B88.5,88° to 89°,finalized,no,1,2217,2025-07-13T03:59:00Z,Climate and Weather
KXHIGHNY-25JUL12,"Highest temperature in NYC on Jul 12, 2025?",KXHIGHNY-25JUL12-B86.5,86° to 87°,finalized,no,1,8583,2025-07-13T03:59:00Z,Climate and Weather
KXHIGHNY-25JUL12,"Highest temperature in NYC on Jul 12, 2025?",KXHIGHNY-25JUL12-T82,81° or below,finalized,no,1,13420,2025-07-13T03:59:00Z,Climate and Weather
KXHIGHNY-25JUL12,"Highest temperature in NYC on Jul 12, 2025?",KXHIGHNY-25JUL12-B84.5,84° to 85°,finalized,no,1,14078,2025-07-13T03:59:00Z,Climate and Weather
KXHIGHNY-25JUL12,"Highest temperature in NYC on Jul 12, 2025?",KXHIGHNY-25JUL12-B82.5,82° to 83°,finalized,yes,99,21054,2025-07-13T03:59:00Z,Climate and Weather
KXHIGHNY-25JUL11,"Highest temperature in NYC on Jul 11, 2025?",KXHIGHNY-25JUL11-T90,91° or above,finalized,no,1,2668,2025-07-12T03:59:00Z,Climate and Weather
KXHIGHNY-25JUL11,"Highest temperature in NYC on Jul 11, 2025?",KXHIGHNY-25JUL11-B89.5,89° to 90°,finalized,no,2,2264,2025-07-12T03:59:00Z,Climate and Weather
KXHIGHNY-25JUL11,"Highest temperature in NYC on Jul 11, 2025?",KXHIGHNY-25JUL11-B87.5,87° to 88°,finalized,no,1,6708,2025-07-12T03:59:00Z,Climate and Weather
KXHIGHNY-25JUL11,"Highest temperature in NYC on Jul 11, 2025?",KXHIGHNY-25JUL11-B85.5,85° to 86°,finalized,no,1,15366,2025-07-12T03:59:00Z,Climate and Weather
KXHIGHNY-25JUL11,"Highest temperature in NYC on Jul 11, 2025?",KXHIGHNY-25JUL11-B83.5,83° to 84°,finalized,yes,99,23023,2025-07-12T03:59:00Z,Climate and Weather
KXHIGHNY-25JUL11,"Highest temperature in NYC on Jul 11, 2025?",KXHIGHNY-25JUL11-T83,82° or below,finalized,no,1,8222,2025-07-12T03:59:00Z,Climate and Weather
KXHIGHNY-25JUL10,"Highest temperature in NYC on Jul 10, 2025?",KXHIGHNY-25JUL10-T84,85° or above,finalized,no,1,10233,2025-07-11T03:59:00Z,Climate and Weather
KXHIGHNY-25JUL10,"Highest temperature in NYC on Jul 10, 2025?",KXHIGHNY-25JUL10-B83.5,83° to 84°,finalized,yes,99,16882,2025-07-11T03:59:00Z,Climate and Weather
KXHIGHNY-25JUL10,"Highest temperature in NYC on Jul 10, 2025?",KXHIGHNY-25JUL10-B81.5,81° to 82°,finalized,no,1,23724,2025-07-11T03:59:00Z,Climate and Weather
KXHIGHNY-25JUL10,"Highest temperature in NYC on Jul 10, 2025?",KXHIGHNY-25JUL10-B79.5,79° to 80°,finalized,no,1,42110,2025-07-11T03:59:00Z,Climate and Weather
KXHIGHNY-25JUL10,"Highest temperature in NYC on Jul 10, 2025?",KXHIGHNY-25JUL10-B77.5,77° to 78°,finalized,no,1,38927,2025-07-11T03:59:00Z,Climate and Weather
KXHIGHNY-25JUL10,"Highest temperature in NYC on Jul 10, 2025?",KXHIGHNY-25JUL10-T77,76° or below,finalized,no,1,2623,2025-07-11T03:59:00Z,Climate and Weather
KXHIGHNY-25JUL09,"Highest temperature in NYC on Jul 9, 2025?",KXHIGHNY-25JUL09-T91,92° or above,finalized,no,1,12965,2025-07-10T03:59:00Z,Climate and Weather
KXHIGHNY-25JUL09,"Highest temperature in NYC on Jul 9, 2025?",KXHIGHNY-25JUL09-T84,83° or below,finalized,no,1,892,2025-07-10T03:59:00Z,Climate and Weather
KXHIGHNY-25JUL09,"Highest temperature in NYC on Jul 9, 2025?",KXHIGHNY-25JUL09-B90.5,90° to 91°,finalized,yes,99,21371,2025-07-10T03:59:00Z,Climate and Weather
KXHIGHNY-25JUL09,"Highest temperature in NYC on Jul 9, 2025?",KXHIGHNY-25JUL09-B88.5,88° to 89°,finalized,no,1,47366,2025-07-10T03:59:00Z,Climate and Weather
KXHIGHNY-25JUL09,"Highest temperature in NYC on Jul 9, 2025?",KXHIGHNY-25JUL09-B86.5,86° to 87°,finalized,no,1,20588,2025-07-10T03:59:00Z,Climate and Weather
KXHIGHNY-25JUL09,"Highest temperature in NYC on Jul 9, 2025?",KXHIGHNY-25JUL09-B84.5,84° to 85°,finalized,no,1,3628,2025-07-10T03:59:00Z,Climate and Weather
KXHIGHNY-25JUL08,"Highest temperature in NYC on Jul 8, 2025?",KXHIGHNY-25JUL08-T95,96° or above,finalized,no,1,10169,2025-07-09T03:59:00Z,Climate and Weather
KXHIGHNY-25JUL08,"Highest temperature in NYC on Jul 8, 2025?",KXHIGHNY-25JUL08-B94.5,94° to 95°,finalized,no,1,27367,2025-07-09T03:59:00Z,Climate and Weather
KXHIGHNY-25JUL08,"Highest temperature in NYC on Jul 8, 2025?",KXHIGHNY-25JUL08-B92.5,92° to 93°,finalized,yes,99,37961,2025-07-09T03:59:00Z,Climate and Weather
KXHIGHNY-25JUL08,"Highest temperature in NYC on Jul 8, 2025?",KXHIGHNY-25JUL08-B90.5,90° to 91°,finalized,no,1,11330,2025-07-09T03:59:00Z,Climate and Weather
KXHIGHNY-25JUL08,"Highest temperature in NYC on Jul 8, 2025?",KXHIGHNY-25JUL08-T88,87° or below,finalized,no,1,3985,2025-07-09T03:59:00Z,Climate and Weather
KXHIGHNY-25JUL08,"Highest temperature in NYC on Jul 8, 2025?",KXHIGHNY-25JUL08-B88.5,88° to 89°,finalized,no,1,8818,2025-07-09T03:59:00Z,Climate and Weather
KXHIGHNY-25JUL07,"Highest temperature in NYC on Jul 7, 2025?",KXHIGHNY-25JUL07-T90,91° or above,finalized,no,1,418,2025-07-08T03:59:00Z,Climate and Weather
KXHIGHNY-25JUL07,"Highest temperature in NYC on Jul 7, 2025?",KXHIGHNY-25JUL07-B89.5,89° to 90°,finalized,no,1,2100,2025-07-08T03:59:00Z,Climate and Weather
KXHIGHNY-25JUL07,"Highest temperature in NYC on Jul 7, 2025?",KXHIGHNY-25JUL07-B87.5,87° to 88°,finalized,yes,99,16093,2025-07-08T03:59:00Z,Climate and Weather
KXHIGHNY-25JUL07,"Highest temperature in NYC on Jul 7, 2025?",KXHIGHNY-25JUL07-B85.5,85° to 86°,finalized,no,1,38397,2025-07-08T03:59:00Z,Climate and Weather
KXHIGHNY-25JUL07,"Highest temperature in NYC on Jul 7, 2025?",KXHIGHNY-25JUL07-B83.5,83° to 84°,finalized,no,1,16449,2025-07-08T03:59:00Z,Climate and Weather
KXHIGHNY-25JUL07,"Highest temperature in NYC on Jul 7, 2025?",KXHIGHNY-25JUL07-T83,82° or below,finalized,no,1,13544,2025-07-08T03:59:00Z,Climate and Weather
KXHIGHNY-25JUL06,"Highest temperature in NYC on Jul 6, 2025?",KXHIGHNY-25JUL06-T93,94° or above,finalized,no,2,400,2025-07-07T03:59:00Z,Climate and Weather
KXHIGHNY-25JUL06,"Highest temperature in NYC on Jul 6, 2025?",KXHIGHNY-25JUL06-B92.5,92° to 93°,finalized,no,2,596,2025-07-07T03:59:00Z,Climate and Weather
KXHIGHNY-25JUL06,"Highest temperature in NYC on Jul 6, 2025?",KXHIGHNY-25JUL06-T86,85° or below,finalized,no,1,1339,2025-07-07T03:59:00Z,Climate and Weather
KXHIGHNY-25JUL06,"Highest temperature in NYC on Jul 6, 2025?",KXHIGHNY-25JUL06-B90.5,90° to 91°,finalized,no,1,20948,2025-07-07T03:59:00Z,Climate and Weather
KXHIGHNY-25JUL06,"Highest temperature in NYC on Jul 6, 2025?",KXHIGHNY-25JUL06-B88.5,88° to 89°,finalized,no,1,14083,2025-07-07T03:59:00Z,Climate and Weather
KXHIGHNY-25JUL06,"Highest temperature in NYC on Jul 6, 2025?",KXHIGHNY-25JUL06-B86.5,86° to 87°,finalized,yes,99,21369,2025-07-07T03:59:00Z,Climate and Weather
KXHIGHNY-25JUL05,"Highest temperature in NYC on Jul 5, 2025?",KXHIGHNY-25JUL05-T89,90° or above,finalized,no,2,424,2025-07-06T03:59:00Z,Climate and Weather
KXHIGHNY-25JUL05,"Highest temperature in NYC on Jul 5, 2025?",KXHIGHNY-25JUL05-T82,81° or below,finalized,no,1,1007,2025-07-06T03:59:00Z,Climate and Weather
KXHIGHNY-25JUL05,"Highest temperature in NYC on Jul 5, 2025?",KXHIGHNY-25JUL05-B88.5,88° to 89°,finalized,no,1,4358,2025-07-06T03:59:00Z,Climate and Weather
KXHIGHNY-25JUL05,"Highest temperature in NYC on Jul 5, 2025?",KXHIGHNY-25JUL05-B86.5,86° to 87°,finalized,no,1,15655,2025-07-06T03:59:00Z,Climate and Weather
KXHIGHNY-25JUL05,"Highest temperature in NYC on Jul 5, 2025?",KXHIGHNY-25JUL05-B84.5,84° to 85°,finalized,yes,99,34254,2025-07-06T03:59:00Z,Climate and Weather
KXHIGHNY-25JUL05,"Highest temperature in NYC on Jul 5, 2025?",KXHIGHNY-25JUL05-B82.5,82° to 83°,finalized,no,1,32076,2025-07-06T03:59:00Z,Climate and Weather
KXHIGHNY-25JUL04,"Highest temperature in NYC on Jul 4, 2025?",KXHIGHNY-25JUL04-T89,90° or above,finalized,no,1,1728,2025-07-05T03:59:00Z,Climate and Weather
KXHIGHNY-25JUL04,"Highest temperature in NYC on Jul 4, 2025?",KXHIGHNY-25JUL04-T82,81° or below,finalized,no,1,32826,2025-07-05T03:59:00Z,Climate and Weather
KXHIGHNY-25JUL04,"Highest temperature in NYC on Jul 4, 2025?",KXHIGHNY-25JUL04-B88.5,88° to 89°,finalized,no,2,1128,2025-07-05T03:59:00Z,Climate and Weather
KXHIGHNY-25JUL04,"Highest temperature in NYC on Jul 4, 2025?",KXHIGHNY-25JUL04-B86.5,86° to 87°,finalized,no,1,4263,2025-07-05T03:59:00Z,Climate and Weather
KXHIGHNY-25JUL04,"Highest temperature in NYC on Jul 4, 2025?",KXHIGHNY-25JUL04-B84.5,84° to 85°,finalized,no,1,15190,2025-07-05T03:59:00Z,Climate and Weather
KXHIGHNY-25JUL04,"Highest temperature in NYC on Jul 4, 2025?",KXHIGHNY-25JUL04-B82.5,82° to 83°,finalized,yes,99,17297,2025-07-05T03:59:00Z,Climate and Weather
KXHIGHNY-25JUL03,"Highest temperature in NYC on Jul 3, 2025?",KXHIGHNY-25JUL03-T92,93° or above,finalized,no,2,3236,2025-07-04T03:59:00Z,Climate and Weather
KXHIGHNY-25JUL03,"Highest temperature in NYC on Jul 3, 2025?",KXHIGHNY-25JUL03-T85,84° or below,finalized,no,1,1328,2025-07-04T03:59:00Z,Climate and Weather
KXHIGHNY-25JUL03,"Highest temperature in NYC on Jul 3, 2025?",KXHIGHNY-25JUL03-B91.5,91° to 92°,finalized,no,1,9139,2025-07-04T03:59:00Z,Climate and Weather
KXHIGHNY-25JUL03,"Highest temperature in NYC on Jul 3, 2025?",KXHIGHNY-25JUL03-B89.5,89° to 90°,finalized,no,1,20437,2025-07-04T03:59:00Z,Climate and Weather
KXHIGHNY-25JUL03,"Highest temperature in NYC on Jul 3, 2025?",KXHIGHNY-25JUL03-B87.5,87° to 88°,finalized,yes,99,20840,2025-07-04T03:59:00Z,Climate and Weather
KXHIGHNY-25JUL03,"Highest temperature in NYC on Jul 3, 2025?",KXHIGHNY-25JUL03-B85.5,85° to 86°,finalized,no,1,8436,2025-07-04T03:59:00Z,Climate and Weather
KXHIGHNY-25JUL02,"Highest temperature in NYC on Jul 2, 2025?",KXHIGHNY-25JUL02-T86,87° or above,finalized,no,1,7843,2025-07-03T03:59:00Z,Climate and Weather
KXHIGHNY-25JUL02,"Highest temperature in NYC on Jul 2, 2025?",KXHIGHNY-25JUL02-T79,78° or below,finalized,no,2,1332,2025-07-03T03:59:00Z,Climate and Weather
KXHIGHNY-25JUL02,"Highest temperature in NYC on Jul 2, 2025?",KXHIGHNY-25JUL02-B85.5,85° to 86°,finalized,no,1,21893,2025-07-03T03:59:00Z,Climate and Weather
KXHIGHNY-25JUL02,"Highest temperature in NYC on Jul 2, 2025?",KXHIGHNY-25JUL02-B83.5,83° to 84°,finalized,yes,99,17642,2025-07-03T03:59:00Z,Climate and Weather
KXHIGHNY-25JUL02,"Highest temperature in NYC on Jul 2, 2025?",KXHIGHNY-25JUL02-B81.5,81° to 82°,finalized,no,1,26023,2025-07-03T03:59:00Z,Climate and Weather
KXHIGHNY-25JUL02,"Highest temperature in NYC on Jul 2, 2025?",KXHIGHNY-25JUL02-B79.5,79° to 80°,finalized,no,1,4895,2025-07-03T03:59:00Z,Climate and Weather
KXHIGHNY-25JUL01,"Highest temperature in NYC on Jul 1, 2025?",KXHIGHNY-25JUL01-T91,92° or above,finalized,no,1,7233,2025-07-02T03:59:00Z,Climate and Weather
KXHIGHNY-25JUL01,"Highest temperature in NYC on Jul 1, 2025?",KXHIGHNY-25JUL01-T84,83° or below,finalized,no,1,1749,2025-07-02T03:59:00Z,Climate and Weather
KXHIGHNY-25JUL01,"Highest temperature in NYC on Jul 1, 2025?",KXHIGHNY-25JUL01-B90.5,90° to 91°,finalized,no,1,17906,2025-07-02T03:59:00Z,Climate and Weather
KXHIGHNY-25JUL01,"Highest temperature in NYC on Jul 1, 2025?",KXHIGHNY-25JUL01-B88.5,88° to 89°,finalized,yes,99,16555,2025-07-02T03:59:00Z,Climate and Weather
KXHIGHNY-25JUL01,"Highest temperature in NYC on Jul 1, 2025?",KXHIGHNY-25JUL01-B86.5,86° to 87°,finalized,no,1,40942,2025-07-02T03:59:00Z,Climate and Weather
KXHIGHNY-25JUL01,"Highest temperature in NYC on Jul 1, 2025?",KXHIGHNY-25JUL01-B84.5,84° to 85°,finalized,no,1,6881,2025-07-02T03:59:00Z,Climate and Weather
KXHIGHNY-25JUN30,"Highest temperature in NYC on Jun 30, 2025?",KXHIGHNY-25JUN30-T93,94° or above,finalized,no,3,1546,2025-07-01T03:59:00Z,Climate and Weather
KXHIGHNY-25JUN30,"Highest temperature in NYC on Jun 30, 2025?",KXHIGHNY-25JUN30-B92.5,92° to 93°,finalized,no,1,4577,2025-07-01T03:59:00Z,Climate and Weather
KXHIGHNY-25JUN30,"Highest temperature in NYC on Jun 30, 2025?",KXHIGHNY-25JUN30-B90.5,90° to 91°,finalized,yes,99,29268,2025-07-01T03:59:00Z,Climate and Weather
KXHIGHNY-25JUN30,"Highest temperature in NYC on Jun 30, 2025?",KXHIGHNY-25JUN30-B88.5,88° to 89°,finalized,no,1,34040,2025-07-01T03:59:00Z,Climate and Weather
KXHIGHNY-25JUN30,"Highest temperature in NYC on Jun 30, 2025?",KXHIGHNY-25JUN30-B86.5,86° to 87°,finalized,no,1,11880,2025-07-01T03:59:00Z,Climate and Weather
KXHIGHNY-25JUN30,"Highest temperature in NYC on Jun 30, 2025?",KXHIGHNY-25JUN30-T86,85° or below,finalized,no,1,11775,2025-07-01T03:59:00Z,Climate and Weather
KXHIGHNY-25JUN29,"Highest temperature in NYC on Jun 29, 2025?",KXHIGHNY-25JUN29-T95,96° or above,finalized,no,1,774,2025-06-30T03:59:00Z,Climate and Weather
KXHIGHNY-25JUN29,"Highest temperature in NYC on Jun 29, 2025?",KXHIGHNY-25JUN29-T88,87° or below,finalized,no,1,38373,2025-06-30T03:59:00Z,Climate and Weather
KXHIGHNY-25JUN29,"Highest temperature in NYC on Jun 29, 2025?",KXHIGHNY-25JUN29-B94.5,94° to 95°,finalized,no,2,455,2025-06-30T03:59:00Z,Climate and Weather
KXHIGHNY-25JUN29,"Highest temperature in NYC on Jun 29, 2025?",KXHIGHNY-25JUN29-B92.5,92° to 93°,finalized,no,5,5066,2025-06-30T03:59:00Z,Climate and Weather
KXHIGHNY-25JUN29,"Highest temperature in NYC on Jun 29, 2025?",KXHIGHNY-25JUN29-B90.5,90° to 91°,finalized,no,1,27992,2025-06-30T03:59:00Z,Climate and Weather
KXHIGHNY-25JUN29,"Highest temperature in NYC on Jun 29, 2025?",KXHIGHNY-25JUN29-B88.5,88° to 89°,finalized,yes,99,30160,2025-06-30T03:59:00Z,Climate and Weather
KXHIGHNY-25JUN28,"Highest temperature in NYC on Jun 28, 2025?",KXHIGHNY-25JUN28-T89,90° or above,finalized,no,1,42,2025-06-29T03:59:00Z,Climate and Weather
KXHIGHNY-25JUN28,"Highest temperature in NYC on Jun 28, 2025?",KXHIGHNY-25JUN28-B88.5,88° to 89°,finalized,no,1,1236,2025-06-29T03:59:00Z,Climate and Weather
KXHIGHNY-25JUN28,"Highest temperature in NYC on Jun 28, 2025?",KXHIGHNY-25JUN28-B86.5,86° to 87°,finalized,no,1,10641,2025-06-29T03:59:00Z,Climate and Weather
KXHIGHNY-25JUN28,"Highest temperature in NYC on Jun 28, 2025?",KXHIGHNY-25JUN28-B84.5,84° to 85°,finalized,no,1,17358,2025-06-29T03:59:00Z,Climate and Weather
KXHIGHNY-25JUN28,"Highest temperature in NYC on Jun 28, 2025?",KXHIGHNY-25JUN28-B82.5,82° to 83°,finalized,yes,99,16218,2025-06-29T03:59:00Z,Climate and Weather
KXHIGHNY-25JUN28,"Highest temperature in NYC on Jun 28, 2025?",KXHIGHNY-25JUN28-T82,81° or below,finalized,no,1,46466,2025-06-29T03:59:00Z,Climate and Weather
KXHIGHNY-25JUN27,"Highest temperature in NYC on Jun 27, 2025?",KXHIGHNY-25JUN27-T74,75° or above,finalized,no,1,21904,2025-06-28T03:59:00Z,Climate and Weather
KXHIGHNY-25JUN27,"Highest temperature in NYC on Jun 27, 2025?",KXHIGHNY-25JUN27-T67,66° or below,finalized,no,2,259,2025-06-28T03:59:00Z,Climate and Weather
KXHIGHNY-25JUN27,"Highest temperature in NYC on Jun 27, 2025?",KXHIGHNY-25JUN27-B73.5,73° to 74°,finalized,no,1,26719,2025-06-28T03:59:00Z,Climate and Weather
KXHIGHNY-25JUN27,"Highest temperature in NYC on Jun 27, 2025?",KXHIGHNY-25JUN27-B71.5,71° to 72°,finalized,yes,99,29435,2025-06-28T03:59:00Z,Climate and Weather
KXHIGHNY-25JUN27,"Highest temperature in NYC on Jun 27, 2025?",KXHIGHNY-25JUN27-B69.5,69° to 70°,finalized,no,1,13104,2025-06-28T03:59:00Z,Climate and Weather
KXHIGHNY-25JUN27,"Highest temperature in NYC on Jun 27, 2025?",KXHIGHNY-25JUN27-B67.5,67° to 68°,finalized,no,1,5085,2025-06-28T03:59:00Z,Climate and Weather
KXHIGHNY-25JUN26,"Highest temperature in NYC on Jun 26, 2025?",KXHIGHNY-25JUN26-T90,91° or above,finalized,no,1,724,2025-06-27T03:59:00Z,Climate and Weather
KXHIGHNY-25JUN26,"Highest temperature in NYC on Jun 26, 2025?",KXHIGHNY-25JUN26-T83,82° or below,finalized,no,1,65990,2025-06-27T03:59:00Z,Climate and Weather
KXHIGHNY-25JUN26,"Highest temperature in NYC on Jun 26, 2025?",KXHIGHNY-25JUN26-B89.5,89° to 90°,finalized,no,1,3062,2025-06-27T03:59:00Z,Climate and Weather
KXHIGHNY-25JUN26,"Highest temperature in NYC on Jun 26, 2025?",KXHIGHNY-25JUN26-B87.5,87° to 88°,finalized,no,1,8249,2025-06-27T03:59:00Z,Climate and Weather
KXHIGHNY-25JUN26,"Highest temperature in NYC on Jun 26, 2025?",KXHIGHNY-25JUN26-B85.5,85° to 86°,finalized,yes,99,245198,2025-06-27T03:59:00Z,Climate and Weather
KXHIGHNY-25JUN26,"Highest temperature in NYC on Jun 26, 2025?",KXHIGHNY-25JUN26-B83.5,83° to 84°,finalized,no,1,49614,2025-06-27T03:59:00Z,Climate and Weather
KXHIGHNY-25JUN25,"Highest temperature in NYC on Jun 25, 2025?",KXHIGHNY-25JUN25-T97,98° or above,finalized,no,1,32443,2025-06-26T03:59:00Z,Climate and Weather
KXHIGHNY-25JUN25,"Highest temperature in NYC on Jun 25, 2025?",KXHIGHNY-25JUN25-B96.5,96° to 97°,finalized,yes,99,27436,2025-06-26T03:59:00Z,Climate and Weather
KXHIGHNY-25JUN25,"Highest temperature in NYC on Jun 25, 2025?",KXHIGHNY-25JUN25-B94.5,94° to 95°,finalized,no,1,47003,2025-06-26T03:59:00Z,Climate and Weather
KXHIGHNY-25JUN25,"Highest temperature in NYC on Jun 25, 2025?",KXHIGHNY-25JUN25-B92.5,92° to 93°,finalized,no,1,10332,2025-06-26T03:59:00Z,Climate and Weather
KXHIGHNY-25JUN25,"Highest temperature in NYC on Jun 25, 2025?",KXHIGHNY-25JUN25-B90.5,90° to 91°,finalized,no,1,1017,2025-06-26T03:59:00Z,Climate and Weather
KXHIGHNY-25JUN25,"Highest temperature in NYC on Jun 25, 2025?",KXHIGHNY-25JUN25-T90,89° or below,finalized,no,1,491,2025-06-26T03:59:00Z,Climate and Weather
KXHIGHNY-25JUN24,"Highest temperature in NYC on Jun 24, 2025?",KXHIGHNY-25JUN24-T105,106° or above,finalized,no,2,571,2025-06-25T03:59:00Z,Climate and Weather
KXHIGHNY-25JUN24,"Highest temperature in NYC on Jun 24, 2025?",KXHIGHNY-25JUN24-T98,97° or below,finalized,no,1,28340,2025-06-25T03:59:00Z,Climate and Weather
KXHIGHNY-25JUN24,"Highest temperature in NYC on Jun 24, 2025?",KXHIGHNY-25JUN24-B98.5,98° to 99°,finalized,yes,99,25853,2025-06-25T03:59:00Z,Climate and Weather
KXHIGHNY-25JUN24,"Highest temperature in NYC on Jun 24, 2025?",KXHIGHNY-25JUN24-B104.5,104° to 105°,finalized,no,1,932,2025-06-25T03:59:00Z,Climate and Weather
KXHIGHNY-25JUN24,"Highest temperature in NYC on Jun 24, 2025?",KXHIGHNY-25JUN24-B102.5,102° to 103°,finalized,no,1,6584,2025-06-25T03:59:00Z,Climate and Weather
KXHIGHNY-25JUN24,"Highest temperature in NYC on Jun 24, 2025?",KXHIGHNY-25JUN24-B100.5,100° to 101°,finalized,no,1,29502,2025-06-25T03:59:00Z,Climate and Weather
KXHIGHNY-25JUN23,"Highest temperature in NYC on Jun 23, 2025?",KXHIGHNY-25JUN23-T94,93° or below,finalized,no,1,15322,2025-06-24T03:59:00Z,Climate and Weather
KXHIGHNY-25JUN23,"Highest temperature in NYC on Jun 23, 2025?",KXHIGHNY-25JUN23-T101,102° or above,finalized,no,1,758,2025-06-24T03:59:00Z,Climate and Weather
KXHIGHNY-25JUN23,"Highest temperature in NYC on Jun 23, 2025?",KXHIGHNY-25JUN23-B98.5,98° to 99°,finalized,no,1,21057,2025-06-24T03:59:00Z,Climate and Weather
KXHIGHNY-25JUN23,"Highest temperature in NYC on Jun 23, 2025?",KXHIGHNY-25JUN23-B96.5,96° to 97°,finalized,yes,99,27595,2025-06-24T03:59:00Z,Climate and Weather
KXHIGHNY-25JUN23,"Highest temperature in NYC on Jun 23, 2025?",KXHIGHNY-25JUN23-B94.5,94° to 95°,finalized,no,1,21881,2025-06-24T03:59:00Z,Climate and Weather
KXHIGHNY-25JUN23,"Highest temperature in NYC on Jun 23, 2025?",KXHIGHNY-25JUN23-B100.5,100° to 101°,finalized,no,1,4627,2025-06-24T03:59:00Z,Climate and Weather
KXHIGHNY-25JUN22,"Highest temperature in NYC on Jun 22, 2025?",KXHIGHNY-25JUN22-T100,101° or above,finalized,no,1,162,2025-06-23T03:59:00Z,Climate and Weather
KXHIGHNY-25JUN22,"Highest temperature in NYC on Jun 22, 2025?",KXHIGHNY-25JUN22-B99.5,99° to 100°,finalized,no,1,147,2025-06-23T03:59:00Z,Climate and Weather
KXHIGHNY-25JUN22,"Highest temperature in NYC on Jun 22, 2025?",KXHIGHNY-25JUN22-B97.5,97° to 98°,finalized,no,1,1508,2025-06-23T03:59:00Z,Climate and Weather
KXHIGHNY-25JUN22,"Highest temperature in NYC on Jun 22, 2025?",KXHIGHNY-25JUN22-B95.5,95° to 96°,finalized,no,1,4899,2025-06-23T03:59:00Z,Climate and Weather
KXHIGHNY-25JUN22,"Highest temperature in NYC on Jun 22, 2025?",KXHIGHNY-25JUN22-B93.5,93° to 94°,finalized,no,1,10529,2025-06-23T03:59:00Z,Climate and Weather
KXHIGHNY-25JUN22,"Highest temperature in NYC on Jun 22, 2025?",KXHIGHNY-25JUN22-T93,92° or below,finalized,yes,99,26139,2025-06-23T03:59:00Z,Climate and Weather
KXHIGHNY-25JUN21,"Highest temperature in NYC on Jun 21, 2025?",KXHIGHNY-25JUN21-T93,94° or above,finalized,no,5,459,2025-06-22T03:59:00Z,Climate and Weather
KXHIGHNY-25JUN21,"Highest temperature in NYC on Jun 21, 2025?",KXHIGHNY-25JUN21-T86,85° or below,finalized,no,1,17860,2025-06-22T03:59:00Z,Climate and Weather
KXHIGHNY-25JUN21,"Highest temperature in NYC on Jun 21, 2025?",KXHIGHNY-25JUN21-B92.5,92° to 93°,finalized,no,1,216,2025-06-22T03:59:00Z,Climate and Weather
KXHIGHNY-25JUN21,"Highest temperature in NYC on Jun 21, 2025?",KXHIGHNY-25JUN21-B90.5,90° to 91°,finalized,no,1,1804,2025-06-22T03:59:00Z,Climate and Weather
KXHIGHNY-25JUN21,"Highest temperature in NYC on Jun 21, 2025?",KXHIGHNY-25JUN21-B88.5,88° to 89°,finalized,no,1,9618,2025-06-22T03:59:00Z,Climate and Weather
KXHIGHNY-25JUN21,"Highest temperature in NYC on Jun 21, 2025?",KXHIGHNY-25JUN21-B86.5,86° to 87°,finalized,yes,99,11229,2025-06-22T03:59:00Z,Climate and Weather
KXHIGHNY-25JUN20,"Highest temperature in NYC on Jun 20, 2025?",KXHIGHNY-25JUN20-T88,89° or above,finalized,no,1,447,2025-06-21T03:59:00Z,Climate and Weather
KXHIGHNY-25JUN20,"Highest temperature in NYC on Jun 20, 2025?",KXHIGHNY-25JUN20-B87.5,87° to 88°,finalized,no,1,1455,2025-06-21T03:59:00Z,Climate and Weather
KXHIGHNY-25JUN20,"Highest temperature in NYC on Jun 20, 2025?",KXHIGHNY-25JUN20-B85.5,85° to 86°,finalized,no,1,8210,2025-06-21T03:59:00Z,Climate and Weather
KXHIGHNY-25JUN20,"Highest temperature in NYC on Jun 20, 2025?",KXHIGHNY-25JUN20-T81,80° or below,finalized,no,1,6850,2025-06-21T03:59:00Z,Climate and Weather
KXHIGHNY-25JUN20,"Highest temperature in NYC on Jun 20, 2025?",KXHIGHNY-25JUN20-B83.5,83° to 84°,finalized,no,1,11449,2025-06-21T03:59:00Z,Climate and Weather
KXHIGHNY-25JUN20,"Highest temperature in NYC on Jun 20, 2025?",KXHIGHNY-25JUN20-B81.5,81° to 82°,finalized,yes,99,11893,2025-06-21T03:59:00Z,Climate and Weather
KXHIGHNY-25JUN19,"Highest temperature in NYC on Jun 19, 2025?",KXHIGHNY-25JUN19-T94,95° or above,finalized,no,2,1550,2025-06-20T03:59:00Z,Climate and Weather
KXHIGHNY-25JUN19,"Highest temperature in NYC on Jun 19, 2025?",KXHIGHNY-25JUN19-B93.5,93° to 94°,finalized,no,1,6626,2025-06-20T03:59:00Z,Climate and Weather
KXHIGHNY-25JUN19,"Highest temperature in NYC on Jun 19, 2025?",KXHIGHNY-25JUN19-T87,86° or below,finalized,no,1,5353,2025-06-20T03:59:00Z,Climate and Weather
KXHIGHNY-25JUN19,"Highest temperature in NYC on Jun 19, 2025?",KXHIGHNY-25JUN19-B91.5,91° to 92°,finalized,no,1,17751,2025-06-20T03:59:00Z,Climate and Weather
KXHIGHNY-25JUN19,"Highest temperature in NYC on Jun 19, 2025?",KXHIGHNY-25JUN19-B89.5,89° to 90°,finalized,no,1,16230,2025-06-20T03:59:00Z,Climate and Weather
KXHIGHNY-25JUN19,"Highest temperature in NYC on Jun 19, 2025?",KXHIGHNY-25JUN19-B87.5,87° to 88°,finalized,yes,99,13938,2025-06-20T03:59:00Z,Climate and Weather
KXHIGHNY-25JUN18,"Highest temperature in NYC on Jun 18, 2025?",KXHIGHNY-25JUN18-T84,85° or above,finalized,no,1,8345,2025-06-19T03:59:00Z,Climate and Weather
KXHIGHNY-25JUN18,"Highest temperature in NYC on Jun 18, 2025?",KXHIGHNY-25JUN18-B83.5,83° to 84°,finalized,yes,99,14850,2025-06-19T03:59:00Z,Climate and Weather
KXHIGHNY-25JUN18,"Highest temperature in NYC on Jun 18, 2025?",KXHIGHNY-25JUN18-B81.5,81° to 82°,finalized,no,1,26071,2025-06-19T03:59:00Z,Climate and Weather
KXHIGHNY-25JUN18,"Highest temperature in NYC on Jun 18, 2025?",KXHIGHNY-25JUN18-B79.5,79° to 80°,finalized,no,1,9634,2025-06-19T03:59:00Z,Climate and Weather
KXHIGHNY-25JUN18,"Highest temperature in NYC on Jun 18, 2025?",KXHIGHNY-25JUN18-B77.5,77° to 78°,finalized,no,1,10899,2025-06-19T03:59:00Z,Climate and Weather
KXHIGHNY-25JUN18,"Highest temperature in NYC on Jun 18, 2025?",KXHIGHNY-25JUN18-T77,76° or below,finalized,no,1,8512,2025-06-19T03:59:00Z,Climate and Weather
KXHIGHNY-25JUN17,"Highest temperature in NYC on Jun 17, 2025?",KXHIGHNY-25JUN17-T76,77° or above,finalized,no,1,649,2025-06-18T03:59:00Z,Climate and Weather
KXHIGHNY-25JUN17,"Highest temperature in NYC on Jun 17, 2025?",KXHIGHNY-25JUN17-T69,68° or below,finalized,yes,99,11235,2025-06-18T03:59:00Z,Climate and Weather
KXHIGHNY-25JUN17,"Highest temperature in NYC on Jun 17, 2025?",KXHIGHNY-25JUN17-B75.5,75° to 76°,finalized,no,1,1321,2025-06-18T03:59:00Z,Climate and Weather
KXHIGHNY-25JUN17,"Highest temperature in NYC on Jun 17, 2025?",KXHIGHNY-25JUN17-B73.5,73° to 74°,finalized,no,1,8664,2025-06-18T03:59:00Z,Climate and Weather
KXHIGHNY-25JUN17,"Highest temperature in NYC on Jun 17, 2025?",KXHIGHNY-25JUN17-B71.5,71° to 72°,finalized,no,1,6001,2025-06-18T03:59:00Z,Climate and Weather
KXHIGHNY-25JUN17,"Highest temperature in NYC on Jun 17, 2025?",KXHIGHNY-25JUN17-B69.5,69° to 70°,finalized,no,4,10886,2025-06-18T03:59:00Z,Climate and Weather
KXHIGHNY-25JUN16,"Highest temperature in NYC on Jun 16, 2025?",KXHIGHNY-25JUN16-T73,74° or above,finalized,no,1,265,2025-06-17T03:59:00Z,Climate and Weather
KXHIGHNY-25JUN16,"Highest temperature in NYC on Jun 16, 2025?",KXHIGHNY-25JUN16-T66,65° or below,finalized,no,1,9528,2025-06-17T03:59:00Z,Climate and Weather
KXHIGHNY-25JUN16,"Highest temperature in NYC on Jun 16, 2025?",KXHIGHNY-25JUN16-B72.5,72° to 73°,finalized,no,1,1515,2025-06-17T03:59:00Z,Climate and Weather
KXHIGHNY-25JUN16,"Highest temperature in NYC on Jun 16, 2025?",KXHIGHNY-25JUN16-B70.5,70° to 71°,finalized,no,1,9099,2025-06-17T03:59:00Z,Climate and Weather
KXHIGHNY-25JUN16,"Highest temperature in NYC on Jun 16, 2025?",KXHIGHNY-25JUN16-B68.5,68° to 69°,finalized,yes,99,17882,2025-06-17T03:59:00Z,Climate and Weather
KXHIGHNY-25JUN16,"Highest temperature in NYC on Jun 16, 2025?",KXHIGHNY-25JUN16-B66.5,66° to 67°,finalized,no,1,15264,2025-06-17T03:59:00Z,Climate and Weather
KXHIGHNY-25JUN15,"Highest temperature in NYC on Jun 15, 2025?",KXHIGHNY-25JUN15-T71,72° or above,finalized,no,1,310,2025-06-16T03:59:00Z,Climate and Weather
KXHIGHNY-25JUN15,"Highest temperature in NYC on Jun 15, 2025?",KXHIGHNY-25JUN15-B70.5,70° to 71°,finalized,no,1,236,2025-06-16T03:59:00Z,Climate and Weather
KXHIGHNY-25JUN15,"Highest temperature in NYC on Jun 15, 2025?",KXHIGHNY-25JUN15-T64,63° or below,finalized,no,1,24701,2025-06-16T03:59:00Z,Climate and Weather
KXHIGHNY-25JUN15,"Highest temperature in NYC on Jun 15, 2025?",KXHIGHNY-25JUN15-B68.5,68° to 69°,finalized,no,1,1281,2025-06-16T03:59:00Z,Climate and Weather
KXHIGHNY-25JUN15,"Highest temperature in NYC on Jun 15, 2025?",KXHIGHNY-25JUN15-B66.5,66° to 67°,finalized,no,1,9782,2025-06-16T03:59:00Z,Climate and Weather
KXHIGHNY-25JUN15,"Highest temperature in NYC on Jun 15, 2025?",KXHIGHNY-25JUN15-B64.5,64° to 65°,finalized,yes,98,10415,2025-06-16T03:59:00Z,Climate and Weather
KXHIGHNY-25JUN14,"Highest temperature in NYC on Jun 14, 2025?",KXHIGHNY-25JUN14-T72,73° or above,finalized,no,1,530,2025-06-15T03:59:00Z,Climate and Weather
KXHIGHNY-25JUN14,"Highest temperature in NYC on Jun 14, 2025?",KXHIGHNY-25JUN14-B71.5,71° to 72°,finalized,no,1,2240,2025-06-15T03:59:00Z,Climate and Weather
KXHIGHNY-25JUN14,"Highest temperature in NYC on Jun 14, 2025?",KXHIGHNY-25JUN14-B69.5,69° to 70°,finalized,no,2,6319,2025-06-15T03:59:00Z,Climate and Weather
KXHIGHNY-25JUN14,"Highest temperature in NYC on Jun 14, 2025?",KXHIGHNY-25JUN14-B67.5,67° to 68°,finalized,yes,99,9479,2025-06-15T03:59:00Z,Climate and Weather
KXHIGHNY-25JUN14,"Highest temperature in NYC on Jun 14, 2025?",KXHIGHNY-25JUN14-B65.5,65° to 66°,finalized,no,1,5978,2025-06-15T03:59:00Z,Climate and Weather
KXHIGHNY-25JUN14,"Highest temperature in NYC on Jun 14, 2025?",KXHIGHNY-25JUN14-T65,64° or below,finalized,no,1,5323,2025-06-15T03:59:00Z,Climate and Weather
KXHIGHNY-25JUN13,"Highest temperature in NYC on Jun 13, 2025?",KXHIGHNY-25JUN13-T83,84° or above,finalized,no,1,1534,2025-06-14T03:59:00Z,Climate and Weather
KXHIGHNY-25JUN13,"Highest temperature in NYC on Jun 13, 2025?",KXHIGHNY-25JUN13-B82.5,82° to 83°,finalized,no,1,5907,2025-06-14T03:59:00Z,Climate and Weather
KXHIGHNY-25JUN13,"Highest temperature in NYC on Jun 13, 2025?",KXHIGHNY-25JUN13-T76,75° or below,finalized,no,1,2968,2025-06-14T03:59:00Z,Climate and Weather
KXHIGHNY-25JUN13,"Highest temperature in NYC on Jun 13, 2025?",KXHIGHNY-25JUN13-B80.5,80° to 81°,finalized,no,1,8619,2025-06-14T03:59:00Z,Climate and Weather
KXHIGHNY-25JUN13,"Highest temperature in NYC on Jun 13, 2025?",KXHIGHNY-25JUN13-B78.5,78° to 79°,finalized,yes,99,13572,2025-06-14T03:59:00Z,Climate and Weather
KXHIGHNY-25JUN13,"Highest temperature in NYC on Jun 13, 2025?",KXHIGHNY-25JUN13-B76.5,76° to 77°,finalized,no,1,14222,2025-06-14T03:59:00Z,Climate and Weather
KXHIGHNY-25JUN12,"Highest temperature in NYC on Jun 12, 2025?",KXHIGHNY-25JUN12-T92,93° or above,finalized,no,1,4575,2025-06-13T03:59:00Z,Climate and Weather
KXHIGHNY-25JUN12,"Highest temperature in NYC on Jun 12, 2025?",KXHIGHNY-25JUN12-B91.5,91° to 92°,finalized,no,1,9682,2025-06-13T03:59:00Z,Climate and Weather
KXHIGHNY-25JUN12,"Highest temperature in NYC on Jun 12, 2025?",KXHIGHNY-25JUN12-T85,84° or below,finalized,no,1,5957,2025-06-13T03:59:00Z,Climate and Weather
KXHIGHNY-25JUN12,"Highest temperature in NYC on Jun 12, 2025?",KXHIGHNY-25JUN12-B89.5,89° to 90°,finalized,no,1,27534,2025-06-13T03:59:00Z,Climate and Weather
KXHIGHNY-25JUN12,"Highest temperature in NYC on Jun 12, 2025?",KXHIGHNY-25JUN12-B87.5,87° to 88°,finalized,yes,99,21888,2025-06-13T03:59:00Z,Climate and Weather
KXHIGHNY-25JUN12,"Highest temperature in NYC on Jun 12, 2025?",KXHIGHNY-25JUN12-B85.5,85° to 86°,finalized,no,1,41492,2025-06-13T03:59:00Z,Climate and Weather
KXHIGHNY-25JUN11,"Highest temperature in NYC on Jun 11, 2025?",KXHIGHNY-25JUN11-T89,90° or above,finalized,no,1,100,2025-06-12T03:59:00Z,Climate and Weather
KXHIGHNY-25JUN11,"Highest temperature in NYC on Jun 11, 2025?",KXHIGHNY-25JUN11-B88.5,88° to 89°,finalized,no,1,350,2025-06-12T03:59:00Z,Climate and Weather
KXHIGHNY-25JUN11,"Highest temperature in NYC on Jun 11, 2025?",KXHIGHNY-25JUN11-B86.5,86° to 87°,finalized,no,1,3171,2025-06-12T03:59:00Z,Climate and Weather
KXHIGHNY-25JUN11,"Highest temperature in NYC on Jun 11, 2025?",KXHIGHNY-25JUN11-B84.5,84° to 85°,finalized,no,1,6947,2025-06-12T03:59:00Z,Climate and Weather
KXHIGHNY-25JUN11,"Highest temperature in NYC on Jun 11, 2025?",KXHIGHNY-25JUN11-T82,81° or below,finalized,yes,99,26255,2025-06-12T03:59:00Z,Climate and Weather
KXHIGHNY-25JUN11,"Highest temperature in NYC on Jun 11, 2025?",KXHIGHNY-25JUN11-B82.5,82° to 83°,finalized,no,1,14363,2025-06-12T03:59:00Z,Climate and Weather
KXHIGHNY-25JUN10,"Highest temperature in NYC on Jun 10, 2025?",KXHIGHNY-25JUN10-T82,83° or above,finalized,no,1,684,2025-06-11T03:59:00Z,Climate and Weather
KXHIGHNY-25JUN10,"Highest temperature in NYC on Jun 10, 2025?",KXHIGHNY-25JUN10-B81.5,81° to 82°,finalized,no,1,206,2025-06-11T03:59:00Z,Climate and Weather
KXHIGHNY-25JUN10,"Highest temperature in NYC on Jun 10, 2025?",KXHIGHNY-25JUN10-B79.5,79° to 80°,finalized,no,1,4168,2025-06-11T03:59:00Z,Climate and Weather
KXHIGHNY-25JUN10,"Highest temperature in NYC on Jun 10, 2025?",KXHIGHNY-25JUN10-B77.5,77° to 78°,finalized,no,1,12772,2025-06-11T03:59:00Z,Climate and Weather
KXHIGHNY-25JUN10,"Highest temperature in NYC on Jun 10, 2025?",KXHIGHNY-25JUN10-T75,74° or below,finalized,yes,99,30227,2025-06-11T03:59:00Z,Climate and Weather
KXHIGHNY-25JUN10,"Highest temperature in NYC on Jun 10, 2025?",KXHIGHNY-25JUN10-B75.5,75° to 76°,finalized,no,1,17996,2025-06-11T03:59:00Z,Climate and Weather
KXHIGHNY-25JUN09,"Highest temperature in NYC on Jun 9, 2025?",KXHIGHNY-25JUN09-T76,77° or above,finalized,no,1,405,2025-06-10T03:59:00Z,Climate and Weather
KXHIGHNY-25JUN09,"Highest temperature in NYC on Jun 9, 2025?",KXHIGHNY-25JUN09-T69,68° or below,finalized,yes,99,9743,2025-06-10T03:59:00Z,Climate and Weather
KXHIGHNY-25JUN09,"Highest temperature in NYC on Jun 9, 2025?",KXHIGHNY-25JUN09-B75.5,75° to 76°,finalized,no,1,457,2025-06-10T03:59:00Z,Climate and Weather
KXHIGHNY-25JUN09,"Highest temperature in NYC on Jun 9, 2025?",KXHIGHNY-25JUN09-B73.5,73° to 74°,finalized,no,1,296,2025-06-10T03:59:00Z,Climate and Weather
KXHIGHNY-25JUN09,"Highest temperature in NYC on Jun 9, 2025?",KXHIGHNY-25JUN09-B71.5,71° to 72°,finalized,no,1,1328,2025-06-10T03:59:00Z,Climate and Weather
KXHIGHNY-25JUN09,"Highest temperature in NYC on Jun 9, 2025?",KXHIGHNY-25JUN09-B69.5,69° to 70°,finalized,no,1,5429,2025-06-10T03:59:00Z,Climate and Weather
KXHIGHNY-25JUN08,"Highest temperature in NYC on Jun 8, 2025?",KXHIGHNY-25JUN08-T81,82° or above,finalized,no,1,1208,2025-06-09T03:59:00Z,Climate and Weather
KXHIGHNY-25JUN08,"Highest temperature in NYC on Jun 8, 2025?",KXHIGHNY-25JUN08-B80.5,80° to 81°,finalized,no,1,523,2025-06-09T03:59:00Z,Climate and Weather
KXHIGHNY-25JUN08,"Highest temperature in NYC on Jun 8, 2025?",KXHIGHNY-25JUN08-T74,73° or below,finalized,no,1,27841,2025-06-09T03:59:00Z,Climate and Weather
KXHIGHNY-25JUN08,"Highest temperature in NYC on Jun 8, 2025?",KXHIGHNY-25JUN08-B78.5,78° to 79°,finalized,no,1,2124,2025-06-09T03:59:00Z,Climate and Weather
KXHIGHNY-25JUN08,"Highest temperature in NYC on Jun 8, 2025?",KXHIGHNY-25JUN08-B76.5,76° to 77°,finalized,yes,99,8830,2025-06-09T03:59:00Z,Climate and Weather
KXHIGHNY-25JUN08,"Highest temperature in NYC on Jun 8, 2025?",KXHIGHNY-25JUN08-B74.5,74° to 75°,finalized,no,1,10431,2025-06-09T03:59:00Z,Climate and Weather
KXHIGHNY-25JUN07,"Highest temperature in NYC on Jun 7, 2025?",KXHIGHNY-25JUN07-T84,85° or above,finalized,no,1,393,2025-06-08T03:59:00Z,Climate and Weather
KXHIGHNY-25JUN07,"Highest temperature in NYC on Jun 7, 2025?",KXHIGHNY-25JUN07-B83.5,83° to 84°,finalized,no,1,191,2025-06-08T03:59:00Z,Climate and Weather
KXHIGHNY-25JUN07,"Highest temperature in NYC on Jun 7, 2025?",KXHIGHNY-25JUN07-B81.5,81° to 82°,finalized,no,1,1383,2025-06-08T03:59:00Z,Climate and Weather
KXHIGHNY-25JUN07,"Highest temperature in NYC on Jun 7, 2025?",KXHIGHNY-25JUN07-B79.5,79° to 80°,finalized,no,3,2912,2025-06-08T03:59:00Z,Climate and Weather
KXHIGHNY-25JUN07,"Highest temperature in NYC on Jun 7, 2025?",KXHIGHNY-25JUN07-B77.5,77° to 78°,finalized,no,1,9520,2025-06-08T03:59:00Z,Climate and Weather
KXHIGHNY-25JUN07,"Highest temperature in NYC on Jun 7, 2025?",KXHIGHNY-25JUN07-T77,76° or below,finalized,yes,99,21760,2025-06-08T03:59:00Z,Climate and Weather
KXHIGHNY-25JUN06,"Highest temperature in NYC on Jun 6, 2025?",KXHIGHNY-25JUN06-T88,89° or above,finalized,no,1,3360,2025-06-07T03:59:00Z,Climate and Weather
KXHIGHNY-25JUN06,"Highest temperature in NYC on Jun 6, 2025?",KXHIGHNY-25JUN06-T81,80° or below,finalized,no,1,1207,2025-06-07T03:59:00Z,Climate and Weather
KXHIGHNY-25JUN06,"Highest temperature in NYC on Jun 6, 2025?",KXHIGHNY-25JUN06-B87.5,87° to 88°,finalized,no,1,9900,2025-06-07T03:59:00Z,Climate and Weather
KXHIGHNY-25JUN06,"Highest temperature in NYC on Jun 6, 2025?",KXHIGHNY-25JUN06-B85.5,85° to 86°,finalized,no,1,20064,2025-06-07T03:59:00Z,Climate and Weather
KXHIGHNY-25JUN06,"Highest temperature in NYC on Jun 6, 2025?",KXHIGHNY-25JUN06-B83.5,83° to 84°,finalized,yes,99,18926,2025-06-07T03:59:00Z,Climate and Weather
KXHIGHNY-25JUN06,"Highest temperature in NYC on Jun 6, 2025?",KXHIGHNY-25JUN06-B81.5,81° to 82°,finalized,no,1,5974,2025-06-07T03:59:00Z,Climate and Weather
KXHIGHNY-25JUN05,"Highest temperature in NYC on Jun 5, 2025?",KXHIGHNY-25JUN05-T91,92° or above,finalized,no,1,3848,2025-06-06T03:59:00Z,Climate and Weather
KXHIGHNY-25JUN05,"Highest temperature in NYC on Jun 5, 2025?",KXHIGHNY-25JUN05-T84,83° or below,finalized,no,1,4992,2025-06-06T03:59:00Z,Climate and Weather
KXHIGHNY-25JUN05,"Highest temperature in NYC on Jun 5, 2025?",KXHIGHNY-25JUN05-B90.5,90° to 91°,finalized,no,1,10091,2025-06-06T03:59:00Z,Climate and Weather
KXHIGHNY-25JUN05,"Highest temperature in NYC on Jun 5, 2025?",KXHIGHNY-25JUN05-B88.5,88° to 89°,finalized,no,1,16112,2025-06-06T03:59:00Z,Climate and Weather
KXHIGHNY-25JUN05,"Highest temperature in NYC on Jun 5, 2025?",KXHIGHNY-25JUN05-B86.5,86° to 87°,finalized,yes,99,31619,2025-06-06T03:59:00Z,Climate and Weather
KXHIGHNY-25JUN05,"Highest temperature in NYC on Jun 5, 2025?",KXHIGHNY-25JUN05-B84.5,84° to 85°,finalized,no,1,9795,2025-06-06T03:59:00Z,Climate and Weather
KXHIGHNY-25JUN04,"Highest temperature in NYC on Jun 4, 2025?",KXHIGHNY-25JUN04-T89,90° or above,finalized,no,1,142,2025-06-05T03:59:00Z,Climate and Weather
KXHIGHNY-25JUN04,"Highest temperature in NYC on Jun 4, 2025?",KXHIGHNY-25JUN04-T82,81° or below,finalized,no,1,7579,2025-06-05T03:59:00Z,Climate and Weather
KXHIGHNY-25JUN04,"Highest temperature in NYC on Jun 4, 2025?",KXHIGHNY-25JUN04-B88.5,88° to 89°,finalized,no,1,259,2025-06-05T03:59:00Z,Climate and Weather
KXHIGHNY-25JUN04,"Highest temperature in NYC on Jun 4, 2025?",KXHIGHNY-25JUN04-B86.5,86° to 87°,finalized,no,1,7164,2025-06-05T03:59:00Z,Climate and Weather
KXHIGHNY-25JUN04,"Highest temperature in NYC on Jun 4, 2025?",KXHIGHNY-25JUN04-B84.5,84° to 85°,finalized,no,1,12307,2025-06-05T03:59:00Z,Climate and Weather
KXHIGHNY-25JUN04,"Highest temperature in NYC on Jun 4, 2025?",KXHIGHNY-25JUN04-B82.5,82° to 83°,finalized,yes,96,14835,2025-06-05T03:59:00Z,Climate and Weather
KXHIGHNY-25JUN03,"Highest temperature in NYC on Jun 3, 2025?",KXHIGHNY-25JUN03-T85,86° or above,finalized,no,3,346,2025-06-04T03:59:00Z,Climate and Weather
KXHIGHNY-25JUN03,"Highest temperature in NYC on Jun 3, 2025?",KXHIGHNY-25JUN03-B84.5,84° to 85°,finalized,no,1,376,2025-06-04T03:59:00Z,Climate and Weather
KXHIGHNY-25JUN03,"Highest temperature in NYC on Jun 3, 2025?",KXHIGHNY-25JUN03-B82.5,82° to 83°,finalized,no,1,6681,2025-06-04T03:59:00Z,Climate and Weather
KXHIGHNY-25JUN03,"Highest temperature in NYC on Jun 3, 2025?",KXHIGHNY-25JUN03-B80.5,80° to 81°,finalized,no,2,27475,2025-06-04T03:59:00Z,Climate and Weather
KXHIGHNY-25JUN03,"Highest temperature in NYC on Jun 3, 2025?",KXHIGHNY-25JUN03-B78.5,78° to 79°,finalized,yes,99,11938,2025-06-04T03:59:00Z,Climate and Weather
KXHIGHNY-25JUN03,"Highest temperature in NYC on Jun 3, 2025?",KXHIGHNY-25JUN03-T78,77° or below,finalized,no,1,27111,2025-06-04T03:59:00Z,Climate and Weather
KXHIGHNY-25JUN02,"Highest temperature in NYC on Jun 2, 2025?",KXHIGHNY-25JUN02-T79,80° or above,finalized,no,7,464,2025-06-03T03:59:00Z,Climate and Weather
KXHIGHNY-25JUN02,"Highest temperature in NYC on Jun 2, 2025?",KXHIGHNY-25JUN02-B78.5,78° to 79°,finalized,no,5,1494,2025-06-03T03:59:00Z,Climate and Weather
KXHIGHNY-25JUN02,"Highest temperature in NYC on Jun 2, 2025?",KXHIGHNY-25JUN02-B76.5,76° to 77°,finalized,no,1,5325,2025-06-03T03:59:00Z,Climate and Weather
KXHIGHNY-25JUN02,"Highest temperature in NYC on Jun 2, 2025?",KXHIGHNY-25JUN02-B74.5,74° to 75°,finalized,no,1,11774,2025-06-03T03:59:00Z,Climate and Weather
KXHIGHNY-25JUN02,"Highest temperature in NYC on Jun 2, 2025?",KXHIGHNY-25JUN02-T72,71° or below,finalized,yes,99,35537,2025-06-03T03:59:00Z,Climate and Weather
KXHIGHNY-25JUN02,"Highest temperature in NYC on Jun 2, 2025?",KXHIGHNY-25JUN02-B72.5,72° to 73°,finalized,no,1,14777,2025-06-03T03:59:00Z,Climate and Weather
KXHIGHNY-25JUN01,"Highest temperature in NYC on Jun 1, 2025?",KXHIGHNY-25JUN01-T73,74° or above,finalized,no,1,817,2025-06-02T03:59:00Z,Climate and Weather
KXHIGHNY-25JUN01,"Highest temperature in NYC on Jun 1, 2025?",KXHIGHNY-25JUN01-T66,65° or below,finalized,no,1,46682,2025-06-02T03:59:00Z,Climate and Weather
KXHIGHNY-25JUN01,"Highest temperature in NYC on Jun 1, 2025?",KXHIGHNY-25JUN01-B72.5,72° to 73°,finalized,no,4,543,2025-06-02T03:59:00Z,Climate and Weather
KXHIGHNY-25JUN01,"Highest temperature in NYC on Jun 1, 2025?",KXHIGHNY-25JUN01-B70.5,70° to 71°,finalized,no,1,3548,2025-06-02T03:59:00Z,Climate and Weather
KXHIGHNY-25JUN01,"Highest temperature in NYC on Jun 1, 2025?",KXHIGHNY-25JUN01-B68.5,68° to 69°,finalized,no,1,11930,2025-06-02T03:59:00Z,Climate and Weather
KXHIGHNY-25JUN01,"Highest temperature in NYC on Jun 1, 2025?",KXHIGHNY-25JUN01-B66.5,66° to 67°,finalized,yes,99,18706,2025-06-02T03:59:00Z,Climate and Weather
KXHIGHNY-25MAY31,"Highest temperature in NYC on May 31, 2025?",KXHIGHNY-25MAY31-T75,76° or above,finalized,no,1,720,2025-06-01T03:59:00Z,Climate and Weather
KXHIGHNY-25MAY31,"Highest temperature in NYC on May 31, 2025?",KXHIGHNY-25MAY31-T68,67° or below,finalized,yes,99,22534,2025-06-01T03:59:00Z,Climate and Weather
KXHIGHNY-25MAY31,"Highest temperature in NYC on May 31, 2025?",KXHIGHNY-25MAY31-B74.5,74° to 75°,finalized,no,1,360,2025-06-01T03:59:00Z,Climate and Weather
KXHIGHNY-25MAY31,"Highest temperature in NYC on May 31, 2025?",KXHIGHNY-25MAY31-B72.5,72° to 73°,finalized,no,1,6532,2025-06-01T03:59:00Z,Climate and Weather
KXHIGHNY-25MAY31,"Highest temperature in NYC on May 31, 2025?",KXHIGHNY-25MAY31-B70.5,70° to 71°,finalized,no,1,12706,2025-06-01T03:59:00Z,Climate and Weather
KXHIGHNY-25MAY31,"Highest temperature in NYC on May 31, 2025?",KXHIGHNY-25MAY31-B68.5,68° to 69°,finalized,no,1,16813,2025-06-01T03:59:00Z,Climate and Weather
KXHIGHNY-25MAY30,"Highest temperature in NYC on May 30, 2025?",KXHIGHNY-25MAY30-T80,81° or above,finalized,no,1,448,2025-05-31T03:59:00Z,Climate and Weather
KXHIGHNY-25MAY30,"Highest temperature in NYC on May 30, 2025?",KXHIGHNY-25MAY30-B79.5,79° to 80°,finalized,no,1,1695,2025-05-31T03:59:00Z,Climate and Weather
KXHIGHNY-25MAY30,"Highest temperature in NYC on May 30, 2025?",KXHIGHNY-25MAY30-B77.5,77° to 78°,finalized,no,1,12638,2025-05-31T03:59:00Z,Climate and Weather
KXHIGHNY-25MAY30,"Highest temperature in NYC on May 30, 2025?",KXHIGHNY-25MAY30-B75.5,75° to 76°,finalized,yes,99,31276,2025-05-31T03:59:00Z,Climate and Weather
KXHIGHNY-25MAY30,"Highest temperature in NYC on May 30, 2025?",KXHIGHNY-25MAY30-B73.5,73° to 74°,finalized,no,1,29217,2025-05-31T03:59:00Z,Climate and Weather
KXHIGHNY-25MAY30,"Highest temperature in NYC on May 30, 2025?",KXHIGHNY-25MAY30-T73,72° or below,finalized,no,1,14274,2025-05-31T03:59:00Z,Climate and Weather
KXHIGHNY-25MAY29,"Highest temperature in NYC on May 29, 2025?",KXHIGHNY-25MAY29-T75,76° or above,finalized,no,2,175,2025-05-30T03:59:00Z,Climate and Weather
KXHIGHNY-25MAY29,"Highest temperature in NYC on May 29, 2025?",KXHIGHNY-25MAY29-B74.5,74° to 75°,finalized,no,1,2688,2025-05-30T03:59:00Z,Climate and Weather
KXHIGHNY-25MAY29,"Highest temperature in NYC on May 29, 2025?",KXHIGHNY-25MAY29-B72.5,72° to 73°,finalized,no,1,12401,2025-05-30T03:59:00Z,Climate and Weather
KXHIGHNY-25MAY29,"Highest temperature in NYC on May 29, 2025?",KXHIGHNY-25MAY29-B70.5,70° to 71°,finalized,no,1,21345,2025-05-30T03:59:00Z,Climate and Weather
KXHIGHNY-25MAY29,"Highest temperature in NYC on May 29, 2025?",KXHIGHNY-25MAY29-T68,67° or below,finalized,yes,99,77316,2025-05-30T03:59:00Z,Climate and Weather
KXHIGHNY-25MAY29,"Highest temperature in NYC on May 29, 2025?",KXHIGHNY-25MAY29-B68.5,68° to 69°,finalized,no,1,38939,2025-05-30T03:59:00Z,Climate and Weather
KXHIGHNY-25MAY28,"Highest temperature in NYC on May 28, 2025?",KXHIGHNY-25MAY28-T69,70° or above,finalized,no,1,8737,2025-05-29T03:59:00Z,Climate and Weather
KXHIGHNY-25MAY28,"Highest temperature in NYC on May 28, 2025?",KXHIGHNY-25MAY28-T62,61° or below,finalized,no,1,753,2025-05-29T03:59:00Z,Climate and Weather
KXHIGHNY-25MAY28,"Highest temperature in NYC on May 28, 2025?",KXHIGHNY-25MAY28-B68.5,68° to 69°,finalized,no,1,11573,2025-05-29T03:59:00Z,Climate and Weather
KXHIGHNY-25MAY28,"Highest temperature in NYC on May 28, 2025?",KXHIGHNY-25MAY28-B66.5,66° to 67°,finalized,no,1,13212,2025-05-29T03:59:00Z,Climate and Weather
KXHIGHNY-25MAY28,"Highest temperature in NYC on May 28, 2025?",KXHIGHNY-25MAY28-B64.5,64° to 65°,finalized,yes,99,21178,2025-05-29T03:59:00Z,Climate and Weather
KXHIGHNY-25MAY28,"Highest temperature in NYC on May 28, 2025?",KXHIGHNY-25MAY28-B62.5,62° to 63°,finalized,no,1,8291,2025-05-29T03:59:00Z,Climate and Weather
KXHIGHNY-25MAY27,"Highest temperature in NYC on May 27, 2025?",KXHIGHNY-25MAY27-T78,79° or above,finalized,no,1,4436,2025-05-28T03:59:00Z,Climate and Weather
KXHIGHNY-25MAY27,"Highest temperature in NYC on May 27, 2025?",KXHIGHNY-25MAY27-T71,70° or below,finalized,no,1,630,2025-05-28T03:59:00Z,Climate and Weather
KXHIGHNY-25MAY27,"Highest temperature in NYC on May 27, 2025?",KXHIGHNY-25MAY27-B77.5,77° to 78°,finalized,no,1,9863,2025-05-28T03:59:00Z,Climate and Weather
KXHIGHNY-25MAY27,"Highest temperature in NYC on May 27, 2025?",KXHIGHNY-25MAY27-B75.5,75° to 76°,finalized,no,1,9259,2025-05-28T03:59:00Z,Climate and Weather
KXHIGHNY-25MAY27,"Highest temperature in NYC on May 27, 2025?",KXHIGHNY-25MAY27-B73.5,73° to 74°,finalized,yes,99,15160,2025-05-28T03:59:00Z,Climate and Weather
KXHIGHNY-25MAY27,"Highest temperature in NYC on May 27, 2025?",KXHIGHNY-25MAY27-B71.5,71° to 72°,finalized,no,1,2853,2025-05-28T03:59:00Z,Climate and Weather
KXHIGHNY-25MAY26,"Highest temperature in NYC on May 26, 2025?",KXHIGHNY-25MAY26-T75,76° or above,finalized,no,1,2380,2025-05-27T03:59:00Z,Climate and Weather
KXHIGHNY-25MAY26,"Highest temperature in NYC on May 26, 2025?",KXHIGHNY-25MAY26-B74.5,74° to 75°,finalized,no,1,15609,2025-05-27T03:59:00Z,Climate and Weather
KXHIGHNY-25MAY26,"Highest temperature in NYC on May 26, 2025?",KXHIGHNY-25MAY26-B72.5,72° to 73°,finalized,yes,99,11623,2025-05-27T03:59:00Z,Climate and Weather
KXHIGHNY-25MAY26,"Highest temperature in NYC on May 26, 2025?",KXHIGHNY-25MAY26-B70.5,70° to 71°,finalized,no,1,13868,2025-05-27T03:59:00Z,Climate and Weather
KXHIGHNY-25MAY26,"Highest temperature in NYC on May 26, 2025?",KXHIGHNY-25MAY26-B68.5,68° to 69°,finalized,no,1,2914,2025-05-27T03:59:00Z,Climate and Weather
KXHIGHNY-25MAY26,"Highest temperature in NYC on May 26, 2025?",KXHIGHNY-25MAY26-T68,67° or below,finalized,no,1,242,2025-05-27T03:59:00Z,Climate and Weather
KXHIGHNY-25MAY25,"Highest temperature in NYC on May 25, 2025?",KXHIGHNY-25MAY25-T72,73° or above,finalized,no,0,0,2025-05-26T03:59:00Z,Climate and Weather
KXHIGHNY-25MAY25,"Highest temperature in NYC on May 25, 2025?",KXHIGHNY-25MAY25-T65,64° or below,finalized,no,1,4269,2025-05-26T03:59:00Z,Climate and Weather
KXHIGHNY-25MAY25,"Highest temperature in NYC on May 25, 2025?",KXHIGHNY-25MAY25-B71.5,71° to 72°,finalized,no,1,1675,2025-05-26T03:59:00Z,Climate and Weather
KXHIGHNY-25MAY25,"Highest temperature in NYC on May 25, 2025?",KXHIGHNY-25MAY25-B69.5,69° to 70°,finalized,no,1,9514,2025-05-26T03:59:00Z,Climate and Weather
KXHIGHNY-25MAY25,"Highest temperature in NYC on May 25, 2025?",KXHIGHNY-25MAY25-B67.5,67° to 68°,finalized,no,1,7467,2025-05-26T03:59:00Z,Climate and Weather
KXHIGHNY-25MAY25,"Highest temperature in NYC on May 25, 2025?",KXHIGHNY-25MAY25-B65.5,65° to 66°,finalized,yes,98,11095,2025-05-26T03:59:00Z,Climate and Weather
KXHIGHNY-25MAY24,"Highest temperature in NYC on May 24, 2025?",KXHIGHNY-25MAY24-T69,70° or above,finalized,no,2,69,2025-05-25T03:59:00Z,Climate and Weather
KXHIGHNY-25MAY24,"Highest temperature in NYC on May 24, 2025?",KXHIGHNY-25MAY24-T62,61° or below,finalized,no,1,16017,2025-05-25T03:59:00Z,Climate and Weather
KXHIGHNY-25MAY24,"Highest temperature in NYC on May 24, 2025?",KXHIGHNY-25MAY24-B68.5,68° to 69°,finalized,no,3,340,2025-05-25T03:59:00Z,Climate and Weather
KXHIGHNY-25MAY24,"Highest temperature in NYC on May 24, 2025?",KXHIGHNY-25MAY24-B66.5,66° to 67°,finalized,no,1,8293,2025-05-25T03:59:00Z,Climate and Weather
KXHIGHNY-25MAY24,"Highest temperature in NYC on May 24, 2025?",KXHIGHNY-25MAY24-B64.5,64° to 65°,finalized,yes,99,14585,2025-05-25T03:59:00Z,Climate and Weather
KXHIGHNY-25MAY24,"Highest temperature in NYC on May 24, 2025?",KXHIGHNY-25MAY24-B62.5,62° to 63°,finalized,no,1,16747,2025-05-25T03:59:00Z,Climate and Weather
KXHIGHNY-25MAY23,"Highest temperature in NYC on May 23, 2025?",KXHIGHNY-25MAY23-T63,64° or above,finalized,no,1,16973,2025-05-24T03:59:00Z,Climate and Weather
KXHIGHNY-25MAY23,"Highest temperature in NYC on May 23, 2025?",KXHIGHNY-25MAY23-T56,55° or below,finalized,no,1,2769,2025-05-24T03:59:00Z,Climate and Weather
KXHIGHNY-25MAY23,"Highest temperature in NYC on May 23, 2025?",KXHIGHNY-25MAY23-B62.5,62° to 63°,finalized,yes,99,14593,2025-05-24T03:59:00Z,Climate and Weather
KXHIGHNY-25MAY23,"Highest temperature in NYC on May 23, 2025?",KXHIGHNY-25MAY23-B60.5,60° to 61°,finalized,no,1,46320,2025-05-24T03:59:00Z,Climate and Weather
KXHIGHNY-25MAY23,"Highest temperature in NYC on May 23, 2025?",KXHIGHNY-25MAY23-B58.5,58° to 59°,finalized,no,1,12777,2025-05-24T03:59:00Z,Climate and Weather
KXHIGHNY-25MAY23,"Highest temperature in NYC on May 23, 2025?",KXHIGHNY-25MAY23-B56.5,56° to 57°,finalized,no,1,6322,2025-05-24T03:59:00Z,Climate and Weather
KXHIGHNY-25MAY22,"Highest temperature in NYC on May 22, 2025?",KXHIGHNY-25MAY22-T58,59° or above,finalized,no,3,1052,2025-05-23T03:59:00Z,Climate and Weather
KXHIGHNY-25MAY22,"Highest temperature in NYC on May 22, 2025?",KXHIGHNY-25MAY22-B57.5,57° to 58°,finalized,no,1,1656,2025-05-23T03:59:00Z,Climate and Weather
KXHIGHNY-25MAY22,"Highest temperature in NYC on May 22, 2025?",KXHIGHNY-25MAY22-T51,50° or below,finalized,no,1,7149,2025-05-23T03:59:00Z,Climate and Weather
KXHIGHNY-25MAY22,"Highest temperature in NYC on May 22, 2025?",KXHIGHNY-25MAY22-B55.5,55° to 56°,finalized,no,1,4945,2025-05-23T03:59:00Z,Climate and Weather
KXHIGHNY-25MAY22,"Highest temperature in NYC on May 22, 2025?",KXHIGHNY-25MAY22-B53.5,53° to 54°,finalized,no,2,11423,2025-05-23T03:59:00Z,Climate and Weather
KXHIGHNY-25MAY22,"Highest temperature in NYC on May 22, 2025?",KXHIGHNY-25MAY22-B51.5,51° to 52°,finalized,yes,98,10337,2025-05-23T03:59:00Z,Climate and Weather
KXHIGHNY-25MAY21,"Highest temperature in NYC on May 21, 2025?",KXHIGHNY-25MAY21-T65,66° or above,finalized,no,1,3596,2025-05-22T03:59:00Z,Climate and Weather
KXHIGHNY-25MAY21,"Highest temperature in NYC on May 21, 2025?",KXHIGHNY-25MAY21-T58,57° or below,finalized,no,2,159603,2025-05-22T03:59:00Z,Climate and Weather
KXHIGHNY-25MAY21,"Highest temperature in NYC on May 21, 2025?",KXHIGHNY-25MAY21-B64.5,64° to 65°,finalized,no,0,0,2025-05-22T03:59:00Z,Climate and Weather
KXHIGHNY-25MAY21,"Highest temperature in NYC on May 21, 2025?",KXHIGHNY-25MAY21-B62.5,62° to 63°,finalized,no,1,1619,2025-05-22T03:59:00Z,Climate and Weather
KXHIGHNY-25MAY21,"Highest temperature in NYC on May 21, 2025?",KXHIGHNY-25MAY21-B60.5,60° to 61°,finalized,no,1,8511,2025-05-22T03:59:00Z,Climate and Weather
KXHIGHNY-25MAY21,"Highest temperature in NYC on May 21, 2025?",KXHIGHNY-25MAY21-B58.5,58° to 59°,finalized,yes,99,32759,2025-05-22T03:59:00Z,Climate and Weather
KXHIGHNY-25MAY20,"Highest temperature in NYC on May 20, 2025?",KXHIGHNY-25MAY20-T73,74° or above,finalized,no,5,218,2025-05-21T03:59:00Z,Climate and Weather
KXHIGHNY-25MAY20,"Highest temperature in NYC on May 20, 2025?",KXHIGHNY-25MAY20-T66,65° or below,finalized,no,1,13618,2025-05-21T03:59:00Z,Climate and Weather
KXHIGHNY-25MAY20,"Highest temperature in NYC on May 20, 2025?",KXHIGHNY-25MAY20-B72.5,72° to 73°,finalized,no,3,743,2025-05-21T03:59:00Z,Climate and Weather
KXHIGHNY-25MAY20,"Highest temperature in NYC on May 20, 2025?",KXHIGHNY-25MAY20-B70.5,70° to 71°,finalized,no,1,7806,2025-05-21T03:59:00Z,Climate and Weather
KXHIGHNY-25MAY20,"Highest temperature in NYC on May 20, 2025?",KXHIGHNY-25MAY20-B68.5,68° to 69°,finalized,no,1,14563,2025-05-21T03:59:00Z,Climate and Weather
KXHIGHNY-25MAY20,"Highest temperature in NYC on May 20, 2025?",KXHIGHNY-25MAY20-B66.5,66° to 67°,finalized,yes,99,13360,2025-05-21T03:59:00Z,Climate and Weather
KXHIGHNY-25MAY19,"Highest temperature in NYC on May 19, 2025?",KXHIGHNY-25MAY19-T76,77° or above,finalized,no,1,130,2025-05-20T03:59:00Z,Climate and Weather
KXHIGHNY-25MAY19,"Highest temperature in NYC on May 19, 2025?",KXHIGHNY-25MAY19-B75.5,75° to 76°,finalized,no,1,2032,2025-05-20T03:59:00Z,Climate and Weather
KXHIGHNY-25MAY19,"Highest temperature in NYC on May 19, 2025?",KXHIGHNY-25MAY19-B73.5,73° to 74°,finalized,no,1,13296,2025-05-20T03:59:00Z,Climate and Weather
KXHIGHNY-25MAY19,"Highest temperature in NYC on May 19, 2025?",KXHIGHNY-25MAY19-B71.5,71° to 72°,finalized,no,1,13392,2025-05-20T03:59:00Z,Climate and Weather
KXHIGHNY-25MAY19,"Highest temperature in NYC on May 19, 2025?",KXHIGHNY-25MAY19-B69.5,69° to 70°,finalized,yes,99,17984,2025-05-20T03:59:00Z,Climate and Weather
KXHIGHNY-25MAY19,"Highest temperature in NYC on May 19, 2025?",KXHIGHNY-25MAY19-T69,68° or below,finalized,no,1,10701,2025-05-20T03:59:00Z,Climate and Weather
KXHIGHNY-25MAY18,"Highest temperature in NYC on May 18, 2025?",KXHIGHNY-25MAY18-T75,76° or above,finalized,no,1,10070,2025-05-19T03:59:00Z,Climate and Weather
KXHIGHNY-25MAY18,"Highest temperature in NYC on May 18, 2025?",KXHIGHNY-25MAY18-T68,67° or below,finalized,no,0,0,2025-05-19T03:59:00Z,Climate and Weather
KXHIGHNY-25MAY18,"Highest temperature in NYC on May 18, 2025?",KXHIGHNY-25MAY18-B74.5,74° to 75°,finalized,no,1,12092,2025-05-19T03:59:00Z,Climate and Weather
KXHIGHNY-25MAY18,"Highest temperature in NYC on May 18, 2025?",KXHIGHNY-25MAY18-B72.5,72° to 73°,finalized,yes,99,13964,2025-05-19T03:59:00Z,Climate and Weather
KXHIGHNY-25MAY18,"Highest temperature in NYC on May 18, 2025?",KXHIGHNY-25MAY18-B70.5,70° to 71°,finalized,no,1,7544,2025-05-19T03:59:00Z,Climate and Weather
KXHIGHNY-25MAY18,"Highest temperature in NYC on May 18, 2025?",KXHIGHNY-25MAY18-B68.5,68° to 69°,finalized,no,1,1001,2025-05-19T03:59:00Z,Climate and Weather
KXHIGHNY-25MAY17,"Highest temperature in NYC on May 17, 2025?",KXHIGHNY-25MAY17-T83,84° or above,finalized,no,1,17131,2025-05-18T03:59:00Z,Climate and Weather
KXHIGHNY-25MAY17,"Highest temperature in NYC on May 17, 2025?",KXHIGHNY-25MAY17-T76,75° or below,finalized,no,3,1079,2025-05-18T03:59:00Z,Climate and Weather
KXHIGHNY-25MAY17,"Highest temperature in NYC on May 17, 2025?",KXHIGHNY-25MAY17-B82.5,82° to 83°,finalized,yes,99,19127,2025-05-18T03:59:00Z,Climate and Weather
KXHIGHNY-25MAY17,"Highest temperature in NYC on May 17, 2025?",KXHIGHNY-25MAY17-B80.5,80° to 81°,finalized,no,1,271873,2025-05-18T03:59:00Z,Climate and Weather
KXHIGHNY-25MAY17,"Highest temperature in NYC on May 17, 2025?",KXHIGHNY-25MAY17-B78.5,78° to 79°,finalized,no,1,7637,2025-05-18T03:59:00Z,Climate and Weather
KXHIGHNY-25MAY17,"Highest temperature in NYC on May 17, 2025?",KXHIGHNY-25MAY17-B76.5,76° to 77°,finalized,no,5,1240,2025-05-18T03:59:00Z,Climate and Weather
KXHIGHNY-25MAY16,"Highest temperature in NYC on May 16, 2025?",KXHIGHNY-25MAY16-T78,79° or above,finalized,no,1,3312,2025-05-17T03:59:00Z,Climate and Weather
KXHIGHNY-25MAY16,"Highest temperature in NYC on May 16, 2025?",KXHIGHNY-25MAY16-B77.5,77° to 78°,finalized,no,1,8592,2025-05-17T03:59:00Z,Climate and Weather
KXHIGHNY-25MAY16,"Highest temperature in NYC on May 16, 2025?",KXHIGHNY-25MAY16-T71,70° or below,finalized,no,1,9998,2025-05-17T03:59:00Z,Climate and Weather
KXHIGHNY-25MAY16,"Highest temperature in NYC on May 16, 2025?",KXHIGHNY-25MAY16-B75.5,75° to 76°,finalized,no,1,13346,2025-05-17T03:59:00Z,Climate and Weather
KXHIGHNY-25MAY16,"Highest temperature in NYC on May 16, 2025?",KXHIGHNY-25MAY16-B73.5,73° to 74°,finalized,no,1,12266,2025-05-17T03:59:00Z,Climate and Weather
KXHIGHNY-25MAY16,"Highest temperature in NYC on May 16, 2025?",KXHIGHNY-25MAY16-B71.5,71° to 72°,finalized,yes,99,22911,2025-05-17T03:59:00Z,Climate and Weather
KXHIGHNY-25MAY15,"Highest temperature in NYC on May 15, 2025?",KXHIGHNY-25MAY15-T76,77° or above,finalized,no,1,674,2025-05-16T03:59:00Z,Climate and Weather
KXHIGHNY-25MAY15,"Highest temperature in NYC on May 15, 2025?",KXHIGHNY-25MAY15-B75.5,75° to 76°,finalized,no,1,963,2025-05-16T03:59:00Z,Climate and Weather
KXHIGHNY-25MAY15,"Highest temperature in NYC on May 15, 2025?",KXHIGHNY-25MAY15-B73.5,73° to 74°,finalized,no,1,1570,2025-05-16T03:59:00Z,Climate and Weather
KXHIGHNY-25MAY15,"Highest temperature in NYC on May 15, 2025?",KXHIGHNY-25MAY15-B71.5,71° to 72°,finalized,no,1,17405,2025-05-16T03:59:00Z,Climate and Weather
KXHIGHNY-25MAY15,"Highest temperature in NYC on May 15, 2025?",KXHIGHNY-25MAY15-B69.5,69° to 70°,finalized,yes,99,30461,2025-05-16T03:59:00Z,Climate and Weather
KXHIGHNY-25MAY15,"Highest temperature in NYC on May 15, 2025?",KXHIGHNY-25MAY15-T69,68° or below,finalized,no,1,122688,2025-05-16T03:59:00Z,Climate and Weather
KXHIGHNY-25MAY14,"Highest temperature in NYC on May 14, 2025?",KXHIGHNY-25MAY14-T70,71° or above,finalized,no,1,2750,2025-05-15T03:59:00Z,Climate and Weather
KXHIGHNY-25MAY14,"Highest temperature in NYC on May 14, 2025?",KXHIGHNY-25MAY14-B69.5,69° to 70°,finalized,no,2,776,2025-05-15T03:59:00Z,Climate and Weather
KXHIGHNY-25MAY14,"Highest temperature in NYC on May 14, 2025?",KXHIGHNY-25MAY14-T63,62° or below,finalized,yes,98,40262,2025-05-15T03:59:00Z,Climate and Weather
KXHIGHNY-25MAY14,"Highest temperature in NYC on May 14, 2025?",KXHIGHNY-25MAY14-B67.5,67° to 68°,finalized,no,1,2139,2025-05-15T03:59:00Z,Climate and Weather
KXHIGHNY-25MAY14,"Highest temperature in NYC on May 14, 2025?",KXHIGHNY-25MAY14-B65.5,65° to 66°,finalized,no,2,12213,2025-05-15T03:59:00Z,Climate and Weather
KXHIGHNY-25MAY14,"Highest temperature in NYC on May 14, 2025?",KXHIGHNY-25MAY14-B63.5,63° to 64°,finalized,no,1,20308,2025-05-15T03:59:00Z,Climate and Weather
KXHIGHNY-25MAY13,"Highest temperature in NYC on May 13, 2025?",KXHIGHNY-25MAY13-T77,78° or above,finalized,no,1,5465,2025-05-14T03:59:00Z,Climate and Weather
KXHIGHNY-25MAY13,"Highest temperature in NYC on May 13, 2025?",KXHIGHNY-25MAY13-B76.5,76° to 77°,finalized,no,1,6307,2025-05-14T03:59:00Z,Climate and Weather
KXHIGHNY-25MAY13,"Highest temperature in NYC on May 13, 2025?",KXHIGHNY-25MAY13-B74.5,74° to 75°,finalized,no,1,8454,2025-05-14T03:59:00Z,Climate and Weather
KXHIGHNY-25MAY13,"Highest temperature in NYC on May 13, 2025?",KXHIGHNY-25MAY13-B72.5,72° to 73°,finalized,no,1,18032,2025-05-14T03:59:00Z,Climate and Weather
KXHIGHNY-25MAY13,"Highest temperature in NYC on May 13, 2025?",KXHIGHNY-25MAY13-T70,69° or below,finalized,yes,99,21360,2025-05-14T03:59:00Z,Climate and Weather
KXHIGHNY-25MAY13,"Highest temperature in NYC on May 13, 2025?",KXHIGHNY-25MAY13-B70.5,70° to 71°,finalized,no,1,13421,2025-05-14T03:59:00Z,Climate and Weather
KXHIGHNY-25MAY12,"Highest temperature in NYC on May 12, 2025?",KXHIGHNY-25MAY12-T77,78° or above,finalized,no,1,5155,2025-05-13T03:59:00Z,Climate and Weather
KXHIGHNY-25MAY12,"Highest temperature in NYC on May 12, 2025?",KXHIGHNY-25MAY12-T70,69° or below,finalized,no,1,2062,2025-05-13T03:59:00Z,Climate and Weather
KXHIGHNY-25MAY12,"Highest temperature in NYC on May 12, 2025?",KXHIGHNY-25MAY12-B76.5,76° to 77°,finalized,no,1,7842,2025-05-13T03:59:00Z,Climate and Weather
KXHIGHNY-25MAY12,"Highest temperature in NYC on May 12, 2025?",KXHIGHNY-25MAY12-B74.5,74° to 75°,finalized,no,1,13732,2025-05-13T03:59:00Z,Climate and Weather
KXHIGHNY-25MAY12,"Highest temperature in NYC on May 12, 2025?",KXHIGHNY-25MAY12-B72.5,72° to 73°,finalized,yes,99,14482,2025-05-13T03:59:00Z,Climate and Weather
KXHIGHNY-25MAY12,"Highest temperature in NYC on May 12, 2025?",KXHIGHNY-25MAY12-B70.5,70° to 71°,finalized,no,1,11731,2025-05-13T03:59:00Z,Climate and Weather
KXHIGHNY-25MAY11,"Highest temperature in NYC on May 11, 2025?",KXHIGHNY-25MAY11-T78,79° or above,finalized,no,1,7039,2025-05-12T03:59:00Z,Climate and Weather
KXHIGHNY-25MAY11,"Highest temperature in NYC on May 11, 2025?",KXHIGHNY-25MAY11-B77.5,77° to 78°,finalized,yes,99,13412,2025-05-12T03:59:00Z,Climate and Weather
KXHIGHNY-25MAY11,"Highest temperature in NYC on May 11, 2025?",KXHIGHNY-25MAY11-T71,70° or below,finalized,no,3,288,2025-05-12T03:59:00Z,Climate and Weather
KXHIGHNY-25MAY11,"Highest temperature in NYC on May 11, 2025?",KXHIGHNY-25MAY11-B75.5,75° to 76°,finalized,no,1,8266,2025-05-12T03:59:00Z,Climate and Weather
KXHIGHNY-25MAY11,"Highest temperature in NYC on May 11, 2025?",KXHIGHNY-25MAY11-B73.5,73° to 74°,finalized,no,1,9050,2025-05-12T03:59:00Z,Climate and Weather
KXHIGHNY-25MAY11,"Highest temperature in NYC on May 11, 2025?",KXHIGHNY-25MAY11-B71.5,71° to 72°,finalized,no,1,1754,2025-05-12T03:59:00Z,Climate and Weather
KXHIGHNY-25MAY10,"Highest temperature in NYC on May 10, 2025?",KXHIGHNY-25MAY10-T75,76° or above,finalized,no,6,2394,2025-05-11T03:59:00Z,Climate and Weather
KXHIGHNY-25MAY10,"Highest temperature in NYC on May 10, 2025?",KXHIGHNY-25MAY10-T68,67° or below,finalized,no,1,4781,2025-05-11T03:59:00Z,Climate and Weather
KXHIGHNY-25MAY10,"Highest temperature in NYC on May 10, 2025?",KXHIGHNY-25MAY10-B74.5,74° to 75°,finalized,no,1,4693,2025-05-11T03:59:00Z,Climate and Weather
KXHIGHNY-25MAY10,"Highest temperature in NYC on May 10, 2025?",KXHIGHNY-25MAY10-B72.5,72° to 73°,finalized,yes,99,18989,2025-05-11T03:59:00Z,Climate and Weather
KXHIGHNY-25MAY10,"Highest temperature in NYC on May 10, 2025?",KXHIGHNY-25MAY10-B70.5,70° to 71°,finalized,no,1,17781,2025-05-11T03:59:00Z,Climate and Weather
KXHIGHNY-25MAY10,"Highest temperature in NYC on May 10, 2025?",KXHIGHNY-25MAY10-B68.5,68° to 69°,finalized,no,1,11748,2025-05-11T03:59:00Z,Climate and Weather
KXHIGHNY-25MAY09,"Highest temperature in NYC on May 9, 2025?",KXHIGHNY-25MAY09-T67,68° or above,finalized,no,1,1192,2025-05-10T03:59:00Z,Climate and Weather
KXHIGHNY-25MAY09,"Highest temperature in NYC on May 9, 2025?",KXHIGHNY-25MAY09-T60,59° or below,finalized,no,1,50155,2025-05-10T03:59:00Z,Climate and Weather
KXHIGHNY-25MAY09,"Highest temperature in NYC on May 9, 2025?",KXHIGHNY-25MAY09-B66.5,66° to 67°,finalized,no,1,440,2025-05-10T03:59:00Z,Climate and Weather
KXHIGHNY-25MAY09,"Highest temperature in NYC on May 9, 2025?",KXHIGHNY-25MAY09-B64.5,64° to 65°,finalized,no,1,1189,2025-05-10T03:59:00Z,Climate and Weather
KXHIGHNY-25MAY09,"Highest temperature in NYC on May 9, 2025?",KXHIGHNY-25MAY09-B62.5,62° to 63°,finalized,no,1,12182,2025-05-10T03:59:00Z,Climate and Weather
KXHIGHNY-25MAY09,"Highest temperature in NYC on May 9, 2025?",KXHIGHNY-25MAY09-B60.5,60° to 61°,finalized,yes,99,20158,2025-05-10T03:59:00Z,Climate and Weather
KXHIGHNY-25MAY08,"Highest temperature in NYC on May 8, 2025?",KXHIGHNY-25MAY08-T78,79° or above,finalized,no,1,13030,2025-05-09T03:59:00Z,Climate and Weather
KXHIGHNY-25MAY08,"Highest temperature in NYC on May 8, 2025?",KXHIGHNY-25MAY08-B77.5,77° to 78°,finalized,yes,99,13047,2025-05-09T03:59:00Z,Climate and Weather
KXHIGHNY-25MAY08,"Highest temperature in NYC on May 8, 2025?",KXHIGHNY-25MAY08-B75.5,75° to 76°,finalized,no,1,26951,2025-05-09T03:59:00Z,Climate and Weather
KXHIGHNY-25MAY08,"Highest temperature in NYC on May 8, 2025?",KXHIGHNY-25MAY08-B73.5,73° to 74°,finalized,no,1,11626,2025-05-09T03:59:00Z,Climate and Weather
KXHIGHNY-25MAY08,"Highest temperature in NYC on May 8, 2025?",KXHIGHNY-25MAY08-B71.5,71° to 72°,finalized,no,1,6974,2025-05-09T03:59:00Z,Climate and Weather
KXHIGHNY-25MAY08,"Highest temperature in NYC on May 8, 2025?",KXHIGHNY-25MAY08-T71,70° or below,finalized,no,1,728,2025-05-09T03:59:00Z,Climate and Weather
KXHIGHNY-25MAY07,"Highest temperature in NYC on May 7, 2025?",KXHIGHNY-25MAY07-T75,76° or above,finalized,no,1,8651,2025-05-08T03:59:00Z,Climate and Weather
KXHIGHNY-25MAY07,"Highest temperature in NYC on May 7, 2025?",KXHIGHNY-25MAY07-B74.5,74° to 75°,finalized,yes,99,10824,2025-05-08T03:59:00Z,Climate and Weather
KXHIGHNY-25MAY07,"Highest temperature in NYC on May 7, 2025?",KXHIGHNY-25MAY07-B72.5,72° to 73°,finalized,no,1,20317,2025-05-08T03:59:00Z,Climate and Weather
KXHIGHNY-25MAY07,"Highest temperature in NYC on May 7, 2025?",KXHIGHNY-25MAY07-B70.5,70° to 71°,finalized,no,1,11573,2025-05-08T03:59:00Z,Climate and Weather
KXHIGHNY-25MAY07,"Highest temperature in NYC on May 7, 2025?",KXHIGHNY-25MAY07-B68.5,68° to 69°,finalized,no,1,701,2025-05-08T03:59:00Z,Climate and Weather
KXHIGHNY-25MAY07,"Highest temperature in NYC on May 7, 2025?",KXHIGHNY-25MAY07-T68,67° or below,finalized,no,1,1456,2025-05-08T03:59:00Z,Climate and Weather
KXHIGHNY-25MAY06,"Highest temperature in NYC on May 6, 2025?",KXHIGHNY-25MAY06-T71,72° or above,finalized,no,1,1475,2025-05-07T03:59:00Z,Climate and Weather
KXHIGHNY-25MAY06,"Highest temperature in NYC on May 6, 2025?",KXHIGHNY-25MAY06-B70.5,70° to 71°,finalized,no,1,6620,2025-05-07T03:59:00Z,Climate and Weather
KXHIGHNY-25MAY06,"Highest temperature in NYC on May 6, 2025?",KXHIGHNY-25MAY06-B68.5,68° to 69°,finalized,no,1,5451,2025-05-07T03:59:00Z,Climate and Weather
KXHIGHNY-25MAY06,"Highest temperature in NYC on May 6, 2025?",KXHIGHNY-25MAY06-B66.5,66° to 67°,finalized,no,1,10242,2025-05-07T03:59:00Z,Climate and Weather
KXHIGHNY-25MAY06,"Highest temperature in NYC on May 6, 2025?",KXHIGHNY-25MAY06-B64.5,64° to 65°,finalized,yes,99,13052,2025-05-07T03:59:00Z,Climate and Weather
KXHIGHNY-25MAY06,"Highest temperature in NYC on May 6, 2025?",KXHIGHNY-25MAY06-T64,63° or below,finalized,no,1,58494,2025-05-07T03:59:00Z,Climate and Weather
KXHIGHNY-25MAY05,"Highest temperature in NYC on May 5, 2025?",KXHIGHNY-25MAY05-T67,68° or above,finalized,no,1,558,2025-05-06T03:59:00Z,Climate and Weather
KXHIGHNY-25MAY05,"Highest temperature in NYC on May 5, 2025?",KXHIGHNY-25MAY05-T60,59° or below,finalized,no,1,5043,2025-05-06T03:59:00Z,Climate and Weather
KXHIGHNY-25MAY05,"Highest temperature in NYC on May 5, 2025?",KXHIGHNY-25MAY05-B66.5,66° to 67°,finalized,no,1,4073,2025-05-06T03:59:00Z,Climate and Weather
KXHIGHNY-25MAY05,"Highest temperature in NYC on May 5, 2025?",KXHIGHNY-25MAY05-B64.5,64° to 65°,finalized,no,1,8310,2025-05-06T03:59:00Z,Climate and Weather
KXHIGHNY-25MAY05,"Highest temperature in NYC on May 5, 2025?",KXHIGHNY-25MAY05-B62.5,62° to 63°,finalized,no,6,20270,2025-05-06T03:59:00Z,Climate and Weather
KXHIGHNY-25MAY05,"Highest temperature in NYC on May 5, 2025?",KXHIGHNY-25MAY05-B60.5,60° to 61°,finalized,yes,95,47989,2025-05-06T03:59:00Z,Climate and Weather
KXHIGHNY-25MAY04,"Highest temperature in NYC on May 4, 2025?",KXHIGHNY-25MAY04-T77,78° or above,finalized,no,3,92,2025-05-05T03:59:00Z,Climate and Weather
KXHIGHNY-25MAY04,"Highest temperature in NYC on May 4, 2025?",KXHIGHNY-25MAY04-T70,69° or below,finalized,yes,99,31225,2025-05-05T03:59:00Z,Climate and Weather
KXHIGHNY-25MAY04,"Highest temperature in NYC on May 4, 2025?",KXHIGHNY-25MAY04-B76.5,76° to 77°,finalized,no,3,399,2025-05-05T03:59:00Z,Climate and Weather
KXHIGHNY-25MAY04,"Highest temperature in NYC on May 4, 2025?",KXHIGHNY-25MAY04-B74.5,74° to 75°,finalized,no,1,5343,2025-05-05T03:59:00Z,Climate and Weather
KXHIGHNY-25MAY04,"Highest temperature in NYC on May 4, 2025?",KXHIGHNY-25MAY04-B72.5,72° to 73°,finalized,no,1,9354,2025-05-05T03:59:00Z,Climate and Weather
KXHIGHNY-25MAY04,"Highest temperature in NYC on May 4, 2025?",KXHIGHNY-25MAY04-B70.5,70° to 71°,finalized,no,1,9962,2025-05-05T03:59:00Z,Climate and Weather
KXHIGHNY-25MAY03,"Highest temperature in NYC on May 3, 2025?",KXHIGHNY-25MAY03-T85,86° or above,finalized,no,1,25081,2025-05-04T03:59:00Z,Climate and Weather
KXHIGHNY-25MAY03,"Highest temperature in NYC on May 3, 2025?",KXHIGHNY-25MAY03-T78,77° or below,finalized,no,1,1767,2025-05-04T03:59:00Z,Climate and Weather
KXHIGHNY-25MAY03,"Highest temperature in NYC on May 3, 2025?",KXHIGHNY-25MAY03-B84.5,84° to 85°,finalized,yes,99,28286,2025-05-04T03:59:00Z,Climate and Weather
KXHIGHNY-25MAY03,"Highest temperature in NYC on May 3, 2025?",KXHIGHNY-25MAY03-B82.5,82° to 83°,finalized,no,1,54761,2025-05-04T03:59:00Z,Climate and Weather
KXHIGHNY-25MAY03,"Highest temperature in NYC on May 3, 2025?",KXHIGHNY-25MAY03-B80.5,80° to 81°,finalized,no,1,41513,2025-05-04T03:59:00Z,Climate and Weather
KXHIGHNY-25MAY03,"Highest temperature in NYC on May 3, 2025?",KXHIGHNY-25MAY03-B78.5,78° to 79°,finalized,no,1,26260,2025-05-04T03:59:00Z,Climate and Weather
KXHIGHNY-25MAY02,"Highest temperature in NYC on May 2, 2025?",KXHIGHNY-25MAY02-T84,85° or above,finalized,no,1,30962,2025-05-03T03:59:00Z,Climate and Weather
KXHIGHNY-25MAY02,"Highest temperature in NYC on May 2, 2025?",KXHIGHNY-25MAY02-B83.5,83° to 84°,finalized,yes,99,13637,2025-05-03T03:59:00Z,Climate and Weather
KXHIGHNY-25MAY02,"Highest temperature in NYC on May 2, 2025?",KXHIGHNY-25MAY02-B81.5,81° to 82°,finalized,no,1,57636,2025-05-03T03:59:00Z,Climate and Weather
KXHIGHNY-25MAY02,"Highest temperature in NYC on May 2, 2025?",KXHIGHNY-25MAY02-B79.5,79° to 80°,finalized,no,1,35122,2025-05-03T03:59:00Z,Climate and Weather
KXHIGHNY-25MAY02,"Highest temperature in NYC on May 2, 2025?",KXHIGHNY-25MAY02-B77.5,77° to 78°,finalized,no,1,5875,2025-05-03T03:59:00Z,Climate and Weather
KXHIGHNY-25MAY02,"Highest temperature in NYC on May 2, 2025?",KXHIGHNY-25MAY02-T77,76° or below,finalized,no,1,3910,2025-05-03T03:59:00Z,Climate and Weather
KXHIGHNY-25MAY01,"Highest temperature in NYC on May 1, 2025?",KXHIGHNY-25MAY01-T73,74° or above,finalized,no,1,6517,2025-05-02T03:59:00Z,Climate and Weather
KXHIGHNY-25MAY01,"Highest temperature in NYC on May 1, 2025?",KXHIGHNY-25MAY01-B72.5,72° to 73°,finalized,no,1,11762,2025-05-02T03:59:00Z,Climate and Weather
KXHIGHNY-25MAY01,"Highest temperature in NYC on May 1, 2025?",KXHIGHNY-25MAY01-B70.5,70° to 71°,finalized,yes,99,17962,2025-05-02T03:59:00Z,Climate and Weather
KXHIGHNY-25MAY01,"Highest temperature in NYC on May 1, 2025?",KXHIGHNY-25MAY01-B68.5,68° to 69°,finalized,no,1,33024,2025-05-02T03:59:00Z,Climate and Weather
KXHIGHNY-25MAY01,"Highest temperature in NYC on May 1, 2025?",KXHIGHNY-25MAY01-B66.5,66° to 67°,finalized,no,1,16208,2025-05-02T03:59:00Z,Climate and Weather
KXHIGHNY-25MAY01,"Highest temperature in NYC on May 1, 2025?",KXHIGHNY-25MAY01-T66,65° or below,finalized,no,1,1974,2025-05-02T03:59:00Z,Climate and Weather
KXHIGHNY-25APR30,"Highest temperature in NYC on Apr 30, 2025?",KXHIGHNY-25APR30-T80,81° or above,finalized,no,1,117,2025-05-01T03:59:00Z,Climate and Weather
KXHIGHNY-25APR30,"Highest temperature in NYC on Apr 30, 2025?",KXHIGHNY-25APR30-B79.5,79° to 80°,finalized,no,1,462,2025-05-01T03:59:00Z,Climate and Weather
KXHIGHNY-25APR30,"Highest temperature in NYC on Apr 30, 2025?",KXHIGHNY-25APR30-B77.5,77° to 78°,finalized,no,1,1036,2025-05-01T03:59:00Z,Climate and Weather
KXHIGHNY-25APR30,"Highest temperature in NYC on Apr 30, 2025?",KXHIGHNY-25APR30-B75.5,75° to 76°,finalized,no,1,13887,2025-05-01T03:59:00Z,Climate and Weather
KXHIGHNY-25APR30,"Highest temperature in NYC on Apr 30, 2025?",KXHIGHNY-25APR30-B73.5,73° to 74°,finalized,yes,99,17691,2025-05-01T03:59:00Z,Climate and Weather
KXHIGHNY-25APR30,"Highest temperature in NYC on Apr 30, 2025?",KXHIGHNY-25APR30-T73,72° or below,finalized,no,1,14107,2025-05-01T03:59:00Z,Climate and Weather
KXHIGHNY-25APR29,"Highest temperature in NYC on Apr 29, 2025?",KXHIGHNY-25APR29-T85,86° or above,finalized,no,1,905,2025-04-30T03:59:00Z,Climate and Weather
KXHIGHNY-25APR29,"Highest temperature in NYC on Apr 29, 2025?",KXHIGHNY-25APR29-T78,77° or below,finalized,no,1,39684,2025-04-30T03:59:00Z,Climate and Weather
KXHIGHNY-25APR29,"Highest temperature in NYC on Apr 29, 2025?",KXHIGHNY-25APR29-B84.5,84° to 85°,finalized,no,10,420,2025-04-30T03:59:00Z,Climate and Weather
KXHIGHNY-25APR29,"Highest temperature in NYC on Apr 29, 2025?",KXHIGHNY-25APR29-B82.5,82° to 83°,finalized,no,1,13166,2025-04-30T03:59:00Z,Climate and Weather
KXHIGHNY-25APR29,"Highest temperature in NYC on Apr 29, 2025?",KXHIGHNY-25APR29-B80.5,80° to 81°,finalized,no,1,12128,2025-04-30T03:59:00Z,Climate and Weather
KXHIGHNY-25APR29,"Highest temperature in NYC on Apr 29, 2025?",KXHIGHNY-25APR29-B78.5,78° to 79°,finalized,yes,99,23616,2025-04-30T03:59:00Z,Climate and Weather
KXHIGHNY-25APR28,"Highest temperature in NYC on Apr 28, 2025?",KXHIGHNY-25APR28-T79,80° or above,finalized,no,1,3783,2025-04-29T03:59:00Z,Climate and Weather
KXHIGHNY-25APR28,"Highest temperature in NYC on Apr 28, 2025?",KXHIGHNY-25APR28-B78.5,78° to 79°,finalized,no,1,18436,2025-04-29T03:59:00Z,Climate and Weather
KXHIGHNY-25APR28,"Highest temperature in NYC on Apr 28, 2025?",KXHIGHNY-25APR28-B76.5,76° to 77°,finalized,yes,99,10848,2025-04-29T03:59:00Z,Climate and Weather
KXHIGHNY-25APR28,"Highest temperature in NYC on Apr 28, 2025?",KXHIGHNY-25APR28-B74.5,74° to 75°,finalized,no,1,31207,2025-04-29T03:59:00Z,Climate and Weather
KXHIGHNY-25APR28,"Highest temperature in NYC on Apr 28, 2025?",KXHIGHNY-25APR28-B72.5,72° to 73°,finalized,no,1,8686,2025-04-29T03:59:00Z,Climate and Weather
KXHIGHNY-25APR28,"Highest temperature in NYC on Apr 28, 2025?",KXHIGHNY-25APR28-T72,71° or below,finalized,no,1,522,2025-04-29T03:59:00Z,Climate and Weather
KXHIGHNY-25APR27,"Highest temperature in NYC on Apr 27, 2025?",KXHIGHNY-25APR27-T63,64° or above,finalized,no,1,1560,2025-04-28T03:59:00Z,Climate and Weather
KXHIGHNY-25APR27,"Highest temperature in NYC on Apr 27, 2025?",KXHIGHNY-25APR27-B62.5,62° to 63°,finalized,no,1,4285,2025-04-28T03:59:00Z,Climate and Weather
KXHIGHNY-25APR27,"Highest temperature in NYC on Apr 27, 2025?",KXHIGHNY-25APR27-B60.5,60° to 61°,finalized,no,1,18246,2025-04-28T03:59:00Z,Climate and Weather
KXHIGHNY-25APR27,"Highest temperature in NYC on Apr 27, 2025?",KXHIGHNY-25APR27-B58.5,58° to 59°,finalized,yes,99,16538,2025-04-28T03:59:00Z,Climate and Weather
KXHIGHNY-25APR27,"Highest temperature in NYC on Apr 27, 2025?",KXHIGHNY-25APR27-B56.5,56° to 57°,finalized,no,1,9561,2025-04-28T03:59:00Z,Climate and Weather
KXHIGHNY-25APR27,"Highest temperature in NYC on Apr 27, 2025?",KXHIGHNY-25APR27-T56,55° or below,finalized,no,1,23,2025-04-28T03:59:00Z,Climate and Weather
